web_scraper_order,web_scraper_start_url,data2,email,data22,data,data3,website
1778389591-1,https://www.nepalstock.com.np/company,Nabil Bank Limited,company.affairs@nabilbank.com,1,NABIL,Commercial Banks,www.nabilbank.com
1778389591-2,https://www.nepalstock.com.np/company,Nepal Investment Mega Bank Limited,info@nimb.com.np,2,NIMB,Commercial Banks,http://www.nimb.com.np
1778389591-3,https://www.nepalstock.com.np/company,Standard Chartered Bank Limited,Legal.Nepal@sc.com,3,SCB,Commercial Banks,www.sc.com/np
1778389591-4,https://www.nepalstock.com.np/company,Himalayan Bank Limited,legal@himalayanbank.com,4,HBL,Commercial Banks,https://www.himalayanbank.com
1778389591-5,https://www.nepalstock.com.np/company,Nepal SBI Bank Limited,cs@nsbl.com.np,5,SBI,Commercial Banks,https://nsbl.statebank
1778389591-6,https://www.nepalstock.com.np/company,Everest Bank Limited,sharedept@ebl.com.np,6,EBL,Commercial Banks,www.everestbankltd.com
1778389591-7,https://www.nepalstock.com.np/company,NIC Asia Bank Ltd.,nica.nots@nicasiabank.com,7,NICA,Commercial Banks,www.nicasiabank.com
1778389591-8,https://www.nepalstock.com.np/company,Machhapuchhre Bank Limited,machbank@mbl.com.np,8,MBL,Commercial Banks,http://www.machbank.com
1778389591-9,https://www.nepalstock.com.np/company,Laxmi Sunrise Bank Limited,piyush.aryal@laxmisunrise.com,9,LSL,Commercial Banks,www.laxmisunrise.com
1778389591-10,https://www.nepalstock.com.np/company,Kumari Bank Limited,info@kumaribank.com,10,KBL,Commercial Banks,http://www.kumaribank.com
1778389591-11,https://www.nepalstock.com.np/company,Siddhartha Bank Limited,laxman.ghimire@sbl.com.np,11,SBL,Commercial Banks,www.siddharthabank.com
1778389591-12,https://www.nepalstock.com.np/company,Soaltee Hotel Limited,lbkhatri@soaltee.com.np,12,SHL,Hotels And Tourism,http://www.soalteehotel.com
1778389591-13,https://www.nepalstock.com.np/company,Taragaon Regency Hotel Limited,info@taragaon.com,13,TRH,Hotels And Tourism,
1778389591-14,https://www.nepalstock.com.np/company,Oriental Hotels Limited,legal@radkat.com.np,14,OHL,Hotels And Tourism,
1778389591-15,https://www.nepalstock.com.np/company,National Hydro Power Company Limited,info@nhpcl.com,15,NHPC,Hydro Power,
1778389591-16,https://www.nepalstock.com.np/company,Butwal Power Company Limited,hari.budhathoki@bpc.com.np,16,BPCL,Hydro Power,http://www.bpc.com.np
1778389591-17,https://www.nepalstock.com.np/company,Chilime Hydropower Company Limited,info@chilime.com.np,17,CHCL,Hydro Power,www.chilime.com.np
1778389591-18,https://www.nepalstock.com.np/company,Salt Trading Corporation,legalstcnepal@gmail.com,18,STC,Tradings,www.stcnepal.com
1778389591-19,https://www.nepalstock.com.np/company,Bishal Bazar Company Limited,info@bishalbazar.com.np,19,BBC,Tradings,
1778389591-20,https://www.nepalstock.com.np/company,Nirdhan Utthan Laghubitta Bittiya Sanstha Limited,jagya.panta@nirdhan.com.np,20,NUBL,Microfinance,www.nirdhan.com.np
1778389591-21,https://www.nepalstock.com.np/company,Chhimek Laghubitta Bittiya Sanstha Limited,info@chhimekbank.org.np,21,CBBL,Microfinance,www.chhimekbank.org
1778389591-22,https://www.nepalstock.com.np/company,Deprosc Laghubitta Bittiya Sanstha Limited,info@deproscbank.com.np,22,DDBL,Microfinance,www.deproscbank.com.np
1778389591-23,https://www.nepalstock.com.np/company,Sanima Bank Limited,RUDRA@sanimabank.com,23,SANIMA,Commercial Banks,www.sanimabank.com
1778389591-24,https://www.nepalstock.com.np/company,Narayani Development Bank Limited,info@ndbl.com.np,24,NABBC,Development Banks,www.ndbl.com.np
1778389591-25,https://www.nepalstock.com.np/company,Nepal Insurance Co. Ltd.,nic@nepalinsurance.com.np,25,NICL,Non Life Insurance,www.nepalinsurance.com.np
1778389591-26,https://www.nepalstock.com.np/company,Rastriya Beema Company Limited,info@rbcl.gov.np,26,RBCL,Non Life Insurance,
1778389591-27,https://www.nepalstock.com.np/company,National Life Insurance Co. Ltd.,info@nationallife.com.np,27,NLICL,Life Insurance,www.nationallife.com.np
1778389591-28,https://www.nepalstock.com.np/company,Himalayan Everest Insurance Limited,subindra.shrestha@hei.com.np,28,HEI,Non Life Insurance,
1778389591-29,https://www.nepalstock.com.np/company,United Ajod Insurance Limited,info@unitedajodinsurance.com,29,UAIL,Non Life Insurance,www.unitedajodinsurance.com
1778389591-30,https://www.nepalstock.com.np/company,Siddhartha Premier Insurance Limited,premier@picl.com.np,30,SPIL,Non Life Insurance,
1778389591-31,https://www.nepalstock.com.np/company,Neco Insurance Limited,info@neco.com.np,31,NIL,Non Life Insurance,http://www.neco.com.np
1778389591-32,https://www.nepalstock.com.np/company,Prabhu Insurance Ltd.,info@prabhuinsurance.com,32,PRIN,Non Life Insurance,http://www.prabhuinsurance.com
1778389591-33,https://www.nepalstock.com.np/company,Sagarmatha Lumbini Insurance Co. Limited,bishow.ad@sagarmathainsurance.com.np,33,SALICO,Non Life Insurance,
1778389591-34,https://www.nepalstock.com.np/company,IGI Prudential insurance Limited,compliance@iginepal.com,34,IGI,Non Life Insurance,http://www.igiprudential.com
1778389591-35,https://www.nepalstock.com.np/company,Nepal Life Insurance Co. Ltd.,info@nepallife.com.np,35,NLIC,Life Insurance,www.nepallife.com.np
1778389591-36,https://www.nepalstock.com.np/company,Life Insurance Corporation (Nepal) Limited,cs@licnepal.com.np,36,LICN,Life Insurance,http://www.licnepal.com.np
1778389591-37,https://www.nepalstock.com.np/company,Shikhar Insurance Co. Ltd.,info@shikharinsurance.com,37,SICL,Non Life Insurance,http://www.shikharinsurance.com
1778389591-38,https://www.nepalstock.com.np/company,Nepal Finance Ltd.,info@nepalfinance.com.np,38,NFS,Finance,www.nepalfinancelimited.com.np
1778389591-39,https://www.nepalstock.com.np/company,Bottlers Nepal (Balaju) Limited,prburma@coca-cola.com.np,39,BNL,Manufacturing And Processing,
1778389591-40,https://www.nepalstock.com.np/company,Nepal Lube Oil Limited,g.bhattarai@cg.holdings,40,NLO,Manufacturing And Processing,
1778389591-41,https://www.nepalstock.com.np/company,Gurkhas Finance Ltd.,yan.rai@gurkhasfinance.com.np,41,GUFL,Finance,www.gurkhasfinance.com.np
1778389591-42,https://www.nepalstock.com.np/company,Citizen Investment Trust,cit.cmkt@gmail.com,42,CIT,Investment,nlk.org.np
1778389591-43,https://www.nepalstock.com.np/company,Bottlers Nepal (Terai) Limited,investorrelations@coca-cola.com.np,43,BNT,Manufacturing And Processing,
1778389591-44,https://www.nepalstock.com.np/company,Unilever Nepal Limited,unl.shareholdersconnect@unilever.com,44,UNL,Manufacturing And Processing,https://www.unilevernepal.com/
1778389591-45,https://www.nepalstock.com.np/company,Best Finance Company Ltd.,info@bestfinance.com.np,45,BFC,Finance,www.bestfinance.com.np
1778389591-46,https://www.nepalstock.com.np/company,Goodwill Finance Limited,info@goodwill.net.np,46,GFCL,Finance,https://goodwillfinance.com.np/
1778389591-47,https://www.nepalstock.com.np/company,Himalayan Distillery Limited,info@himalayandistillery.com,47,HDL,Manufacturing And Processing,https://himalayandistillery.com/
1778389591-48,https://www.nepalstock.com.np/company,Pokhara Finance Ltd.,info@pokharafinance.com.np,48,PFL,Finance,
1778389591-49,https://www.nepalstock.com.np/company,NMB Bank Limited,pramod.dahal@nmb.com.np,49,NMB,Commercial Banks,http://www.nmb.com.np
1778389591-50,https://www.nepalstock.com.np/company,Shree Investment Finance Co. Ltd.,info@shreefinance.com.np,50,SIFC,Finance,http://www.shreefinance.com.np
1778389591-51,https://www.nepalstock.com.np/company,Central Finance Co. Ltd.,info@centralfinance.com.np,51,CFCL,Finance,
1778389591-52,https://www.nepalstock.com.np/company,Janaki Finance Company Limited,info@jfcjanakpur.com,52,JFL,Finance,
1778389591-53,https://www.nepalstock.com.np/company,Prabhu  Bank Limited,amit.bhandari@prabhubank.com,53,PRVU,Commercial Banks,
1778389591-54,https://www.nepalstock.com.np/company,Samriddhi Finance Company Limited,cs@sfcl.com.np,54,SFCL,Finance,sfcl.com.np
1778389591-55,https://www.nepalstock.com.np/company,Guheshowori Merchant Bank & Finance Co. Ltd.,compliance@gmbf.com.np,55,GMFIL,Finance,www.gmbf.com.np
1778389591-56,https://www.nepalstock.com.np/company,Swabalamban Laghubitta Bittiya Sanstha Limited,finance@swbbl.com.np,56,SWBBL,Microfinance,www.swbbl.com.np
1778389591-57,https://www.nepalstock.com.np/company,ICFC Finance Limited,nepsereport@icfcbank.com,57,ICFC,Finance,www.icfc.com.np
1778389591-58,https://www.nepalstock.com.np/company,Excel Development Bank Ltd.,info@edb.com.np,58,EDBL,Development Banks,
1778389591-59,https://www.nepalstock.com.np/company,Nepal Doorsanchar Company Limited,cs.nt@ntc.net.np,59,NTC,Others,www.ntc.net.np
1778389591-60,https://www.nepalstock.com.np/company,Progressive Finance Limited,info@pfltd.com.np,60,PROFL,Finance,http://www.pfltd.com.np
1778389591-61,https://www.nepalstock.com.np/company,Global IME Bank Limited,nlisting@gibl.com.np,61,GBIME,Commercial Banks,http://www.globalimebank.com
1778389591-62,https://www.nepalstock.com.np/company,Citizens Bank International Limited,pramesh.kayastha@ctznbank.com,62,CZBIL,Commercial Banks,www.ctznbank.com
1778389591-63,https://www.nepalstock.com.np/company,Prime Commercial Bank Ltd.,CS@pcbl.com.np,63,PCBL,Commercial Banks,www.primebank.com.np
1778389591-64,https://www.nepalstock.com.np/company,Lumbini Bikas Bank Ltd.,info@lumbinibikasbank.com,64,LBBL,Development Banks,www.lumbinibikasbank.com
1778389591-65,https://www.nepalstock.com.np/company,Arun Valley Hydropower Development Co. Ltd.,arunvalley2054@gmail.com,65,AHPC,Hydro Power,https://arunhydro.com.np
1778389591-66,https://www.nepalstock.com.np/company,Miteri Development Bank Limited,info@miteribank.com.np,66,MDB,Development Banks,http://www.miteribank.com.np
1778389591-67,https://www.nepalstock.com.np/company,Asian Life Insurance Co. Limited,asianlife@asianlife.com.np,67,ALICL,Life Insurance,www.asianlife.com.np
1778389591-68,https://www.nepalstock.com.np/company,Himalayan Life Insurance Limited,ishwar@himalayanlife.com.np,68,HLI,Life Insurance,
1778389591-69,https://www.nepalstock.com.np/company,Nerude Mirmire Laghubitta Bittiya Sanstha Limited,info@nerudemirmire.com.np,69,NMLBBL,Microfinance,https://www.nerudemirmire.com.np
1778389591-70,https://www.nepalstock.com.np/company,Agricultural Development Bank Limited,cs@adbl.gov.np,70,ADBL,Commercial Banks,
1778389591-71,https://www.nepalstock.com.np/company,Mahalaxmi Bikas Bank Ltd.,listing@mahalaxmi.com.np,71,MLBL,Development Banks,http://www.mahalaxmibank.com
1778389591-72,https://www.nepalstock.com.np/company,SuryaJyoti Life Insurance Company Limited,it@suryalife.com,72,SJLIC,Life Insurance,
1778389591-73,https://www.nepalstock.com.np/company,Garima Bikas Bank Limited,info@garimabank.com.np,73,GBBL,Development Banks,www.garimabank.com.np
1778389591-74,https://www.nepalstock.com.np/company,Jyoti Bikas Bank Limited,krishna.oasti@jbbl.com.np,74,JBBL,Development Banks,
1778389591-75,https://www.nepalstock.com.np/company,Corporate Development Bank Limited,info@corporatebank.com.np,75,CORBL,Development Banks,
1778389591-76,https://www.nepalstock.com.np/company,Kamana Sewa Bikas Bank Limited,pranay.tuladhar@kamanasewabank.com,76,KSBBL,Development Banks,https://www.kamanasewabank.com/
1778389591-77,https://www.nepalstock.com.np/company,Multipurpose Finance Company  Limited,mfclfin43@gmail.com,77,MPFL,Finance,
1778389591-78,https://www.nepalstock.com.np/company,Shangrila Development Bank Ltd.,info@shangrilabank.com,78,SADBL,Development Banks,www.shangrilabank.com
1778389591-79,https://www.nepalstock.com.np/company,Shine Resunga Development Bank Ltd.,info@srdb.com.np,79,SHINE,Development Banks,https://srdb.com.np/
1778389591-80,https://www.nepalstock.com.np/company,Muktinath Bikas Bank Ltd.,info@muktinathbank.com.np,80,MNBBL,Development Banks,
1778389591-81,https://www.nepalstock.com.np/company,First Micro Finance Laghubitta Bittiya Sanstha Limited,bijay@fmdb.com.np,81,FMDBL,Microfinance,www.fmdb.com.np
1778389591-82,https://www.nepalstock.com.np/company,Manjushree Finance Ltd.,info@manjushreefinance.com.np,82,MFIL,Finance,manjushreefinance.com.np
1778389591-83,https://www.nepalstock.com.np/company,Nepal Bank Limited,nbl.bodoffice@nepalbank.com.np,83,NBL,Commercial Banks,www.nepalbank.com.np
1778389591-84,https://www.nepalstock.com.np/company,Swarojgar Laghubitta Bittiya Sanstha Ltd.,info@slbbl.com.np,84,SLBBL,Microfinance,www.slbbl.com.np
1778389591-85,https://www.nepalstock.com.np/company,NLG Insurance Company Ltd.,manoj.shrestha@nlgi.com.np,85,NLG,Non Life Insurance,
1778389591-86,https://www.nepalstock.com.np/company,Sindhu Bikash Bank Ltd,info@sindhubank.com.np,86,SINDU,Development Banks,
1778389591-87,https://www.nepalstock.com.np/company,Sana Kisan Bikas Laghubitta Bittiya Sanstha Limited,info@skbbl.com.np,87,SKBBL,Microfinance,http://www.skbbl.com.np
1778389591-88,https://www.nepalstock.com.np/company,Grameen Bikas Laghubitta Bittiya Sanstha Ltd.,info@gblbs.com.np,88,GBLBS,Microfinance,http://www.grameenbanknepal.com
1778389591-89,https://www.nepalstock.com.np/company,Reliance Finance Ltd.,loginnepse@reliancenepal.com.np,89,RLFL,Finance,
1778389591-90,https://www.nepalstock.com.np/company,Sanima Mai Hydropower Ltd.,sanimamai@sanimahydro.com,90,SHPC,Hydro Power,www.maihydro.com
1778389591-91,https://www.nepalstock.com.np/company,Kalika Laghubitta Bittiya Sanstha Ltd,info@kalikabank.com.np,91,KMCDB,Microfinance,www.kalikabank.com.np
1778389591-92,https://www.nepalstock.com.np/company,Mithila LaghuBitta Bittiya Sanstha Limited,mlboperationdepart@gmail.com,92,MLBBL,Microfinance,http://www.mldbank.com.np
1778389591-93,https://www.nepalstock.com.np/company,Ridi Power Company Limited,sayikanepal@gmail.com,93,RIDI,Hydro Power,
1778389591-94,https://www.nepalstock.com.np/company,Laxmi Laghubitta Bittiya Sanstha Ltd.,company.secretary@laxmilaghu.com.np,94,LLBS,Microfinance,https://laxmilaghu.com.np/
1778389591-95,https://www.nepalstock.com.np/company,Barun Hydropower Co. Ltd.,barunhydro@gmail.com,95,BARUN,Hydro Power,
1778389591-96,https://www.nepalstock.com.np/company,Vijaya laghubitta Bittiya Sanstha Ltd.,vlbs@vlbs.com.np,96,VLBS,Microfinance,https://vlbs.com.np
1778389591-97,https://www.nepalstock.com.np/company,Himalayan Laghubitta Bittiya Sanstha Limited,info@himalayanlaghubitta.com,97,HLBSL,Microfinance,www.himalayanlaghubitta.com
1778389591-98,https://www.nepalstock.com.np/company,Matribhumi Lagubitta Bittiya Sanstha Limited,bakhat2034@gmail.com,98,MATRI,Microfinance,https://matribhumimf.com.np/
1778389591-99,https://www.nepalstock.com.np/company,Janautthan Samudayic Laghubitta Bittya Sanstha Limited,info@jucbank.com.np,99,JSLBB,Microfinance,
1778389591-100,https://www.nepalstock.com.np/company,Api Power Company Ltd.,apipowercompany@gmail.com,100,API,Hydro Power,www.apipower.com.np
1778389591-101,https://www.nepalstock.com.np/company,NMB  Microfinance Bittiya Sanstha Ltd.,surya.thapa@nmbmicrofinance.com,101,NMBMF,Microfinance,http://www.cleanvillage.com.np
1778389591-102,https://www.nepalstock.com.np/company,Global IME Laghubitta Bittiya Sanstha Ltd.,info@gilb.com.np,102,GILB,Microfinance,http://www.gilb.com.np
1778389591-103,https://www.nepalstock.com.np/company,Suryodaya Womi Laghubitta Bittiya Sanstha Limited,pramesh.acharya@swmfi.com.np,103,SWMF,Microfinance,www.swmfi.com.np
1778389591-104,https://www.nepalstock.com.np/company,Mero Microfinance Bittiya Sanstha Ltd.,meromicrofinance@gmail.com,104,MERO,Microfinance,www.meromicrofinance.com
1778389591-105,https://www.nepalstock.com.np/company,Hydorelectricity Investment and Development Company Ltd,info@hidcl.org.np,105,HIDCL,Investment,www.hidcl.org.np
1778389591-106,https://www.nepalstock.com.np/company,Ngadi Group Power Ltd.,nyadigroup06@gmail.com,106,NGPL,Hydro Power,ngpl.com.npl
1778389591-107,https://www.nepalstock.com.np/company,Green Development Bank Ltd.,info@greenbank.com.np,107,GRDBL,Development Banks,http://greenbank.com.np/
1778389591-108,https://www.nepalstock.com.np/company,National Laghubitta Bittiya Sanstha Limited,hofficenmfbs@gmail.com,108,NMFBS,Microfinance,http://www.nationalmicrofinance.com.np
1778389591-109,https://www.nepalstock.com.np/company,RSDC Laghubitta Bittiya Sanstha Ltd.,info@rsdcmf.com,109,RSDC,Microfinance,www.rsdcmf.com
1778389591-110,https://www.nepalstock.com.np/company,Khanikhola Hydropower Co. Ltd.,khanikhola.hpc@gmail.com,110,KKHC,Hydro Power,www.kkhcl.com.np
1778389591-111,https://www.nepalstock.com.np/company,Dibyashwori Hydropower Ltd.,dibyashwarihydropower@gmail.com,111,DHPL,Hydro Power,
1778389591-112,https://www.nepalstock.com.np/company,Arun Kabeli Power Ltd.,arunkabeli@gmail.com,112,AKPL,Hydro Power,
1778389591-113,https://www.nepalstock.com.np/company,Forward Microfinance Laghubitta Bittiya Sanstha Limited,info@forwardmfbank.com.np,113,FOWAD,Microfinance,www.forwardmfbank.com.np
1778389591-114,https://www.nepalstock.com.np/company,Synergy Power Development Ltd.,email.synergy@gmail.com,114,SPDL,Hydro Power,www.synergyhydro.com
1778389591-115,https://www.nepalstock.com.np/company,United Modi Hydropower Ltd.,unitedmodi@ntc.net.np,115,UMHL,Hydro Power,www.umh.com.np
1778389591-116,https://www.nepalstock.com.np/company,Samata Gharelu Laghubitta Bittiya Sanstha Limited,samata@samata.org.np,116,SMATA,Microfinance,www.samata.org.np
1778389591-117,https://www.nepalstock.com.np/company,Chhyangdi Hydropower Ltd.,chhyangdihydropowerltd@gmail.com,117,CHL,Hydro Power,
1778389591-118,https://www.nepalstock.com.np/company,Himalayan Power Partner Ltd.,hpphydro.binaya@gmail.com,118,HPPL,Hydro Power,http://www.hpp.com.np
1778389591-119,https://www.nepalstock.com.np/company,Mahuli Laghubitta Bittiya Sanstha Limited,saroj.singh@mslbsl.com.np,119,MSLB,Microfinance,mslbsl.com.np
1778389591-120,https://www.nepalstock.com.np/company,Nepal Hydro Developers Ltd.,info@charnawathihydro.com,120,NHDL,Hydro Power,www.charnawatihydro.com
1778389591-121,https://www.nepalstock.com.np/company,Support Microfinance Bittiya Sanstha Ltd.,smicrofinance7@gmail.com,121,SMB,Microfinance,https://supportmicrofinance.com.np/
1778389591-122,https://www.nepalstock.com.np/company,Unnati Sahakarya Laghubitta Bittiya Sanstha Limited,gwagle99@gmail.com,122,USLB,Microfinance,https://unnatislbs.com.np
1778389591-123,https://www.nepalstock.com.np/company,Radhi Bidyut Company Ltd,info@radhibidyut.com.np,123,RADHI,Hydro Power,www.radhibidyut.com.np
1778389591-124,https://www.nepalstock.com.np/company,Wean Nepal Laghubitta Bittiya Sanstha Limited,nepalseva@gmail.com,124,WNLB,Microfinance,www.weannepal.com
1778389591-125,https://www.nepalstock.com.np/company,Nadep Laghubittiya bittya Sanstha Ltd.,nadeplaghubitta@gmail.com,125,NADEP,Microfinance,
1778389591-126,https://www.nepalstock.com.np/company,Panchakanya Mai Hydropower Ltd,panchakanyamai@gmail.com,126,PMHPL,Hydro Power,
1778389591-127,https://www.nepalstock.com.np/company,Kalika power Company Ltd,daraudikalikahydro@gmail.com,127,KPCL,Hydro Power,www.kalikapower.com.np
1778389591-128,https://www.nepalstock.com.np/company,Ankhu Khola Jalvidhyut Company Ltd,ankhukhola@yahoo.com,128,AKJCL,Hydro Power,www.aankhukholahydropower.com.np
1778389591-129,https://www.nepalstock.com.np/company,Joshi Hydropower Development Company Ltd,joshihydropowerdev@gmail.com,129,JOSHI,Hydro Power,https://jhdc.com.np/
1778389591-130,https://www.nepalstock.com.np/company,Aarambha Chautari Laghubitta Bittiya Sanstha Limited,aarambhachautari@gmail.com,130,ACLBSL,Microfinance,www.aarambhachautari.com
1778389591-131,https://www.nepalstock.com.np/company,Upper Tamakoshi Hydropower Ltd,office@utkhpl.org.np,131,UPPER,Hydro Power,www.tamakhosihydro.org.np
1778389591-132,https://www.nepalstock.com.np/company,Samudayik Laghubitta Bittiya Sanstha Limited,info@slbsl.com.np,132,SLBSL,Microfinance,www.slbsl.com.np
1778389591-133,https://www.nepalstock.com.np/company,Ghalemdi Hydro Limited,relinarenergy@gmail.com,133,GHL,Hydro Power,www.ghalemdi.com
1778389591-134,https://www.nepalstock.com.np/company,Asha Laghubitta Bittiya Sanstha Ltd,info@ashamicrofinance.com.np,134,ALBSL,Microfinance,www.ashamicrofinance.com.np
1778389591-135,https://www.nepalstock.com.np/company,SHIVAM CEMENTS LTD,info@shivamcement.com,135,SHIVM,Manufacturing And Processing,www.shivamcement.com
1778389591-136,https://www.nepalstock.com.np/company,UNIVERSAL POWER COMPANY LTD,universal2067@gmail.com,136,UPCL,Hydro Power,www.universalpowercompany.com.np
1778389591-137,https://www.nepalstock.com.np/company,Mountain Hydro Nepal Limited,mountainhydronepal@gmail.com,137,MHNL,Hydro Power,www.mountainhydronepal.com.np
1778389591-138,https://www.nepalstock.com.np/company,Panchthar Power Compant Limited,ppchewa@gmail.com,138,PPCL,Hydro Power,www.ppcl.com.np
1778389591-139,https://www.nepalstock.com.np/company,Ganapati Laghubitta Bittiya Sanstha Limited,ganapati.micro@gmail.com,139,GMFBS,Microfinance,www.ganapatimicro.com.np
1778389591-140,https://www.nepalstock.com.np/company,Himalaya Urja Bikas Company Limited,himalayaurja@gmail.com,140,HURJA,Hydro Power,www.himalurja.com
1778389591-141,https://www.nepalstock.com.np/company,Gurans Laghubitta Bittiya Sanstha Limited,info@glbsl.com.np,141,GLBSL,Microfinance,www.glbsl.com.np
1778389591-142,https://www.nepalstock.com.np/company,Swabhimaan Laghubitta Bittiya Sanstha Limited,info@swabhimaanlaghubitta.com.np,142,SMFBS,Microfinance,www.swabhimaanmicrofinance.com
1778389591-143,https://www.nepalstock.com.np/company,Union Hydropower Limited,unionhppl@gmail.com,143,UNHPL,Hydro Power,www.unionhydropower.com.np
1778389591-144,https://www.nepalstock.com.np/company,Infinity Laghubitta Bittiya Sanstha Limited,ilbslfinance@gmail.com,144,ILBS,Microfinance,www.infinitymbsl.com
1778389591-145,https://www.nepalstock.com.np/company,RASUWAGADHI HYDROPOWER COMPANY LIMITED,neupane.nar@gmail.com,145,RHPL,Hydro Power,www.rghpcl.com.np
1778389591-146,https://www.nepalstock.com.np/company,SANJEN JALAVIDHYUT COMPANY LIMITED,sanjenhcl@gmail.com,146,SJCL,Hydro Power,www.sjcl.com.np
1778389591-147,https://www.nepalstock.com.np/company,Saptakoshi Development Bank Ltd,info@skdbl.com.np,147,SAPDBL,Development Banks,www.skdbl.com.np
1778389591-148,https://www.nepalstock.com.np/company,Himal Dolakha Hydropower Company Limited,hydrohimaldolakha@gmail.com,148,HDHPC,Hydro Power,www.himaldolakhahydro.com
1778389591-149,https://www.nepalstock.com.np/company,Nepal Reinsurance Company Limited,nepalre@ntc.net.np,149,NRIC,Others,www.nepalre.com.np
1778389591-150,https://www.nepalstock.com.np/company,NIC ASIA Laghubitta Bittiya Sanstha Limited,deepit.shrestha@nicasialaghubitta.com,150,NICLBSL,Microfinance,www.nicasialaghubitta.com
1778389591-151,https://www.nepalstock.com.np/company,Sampada Laghubitta Bittiya Sanstha Limited,laxman.paudel@sampadalaghubitta.com.np,151,SMPDA,Microfinance,https://www.sampadalaghubitta.com.np/
1778389591-152,https://www.nepalstock.com.np/company,NRN Infrastructure and Development Limited,nrn@nrnil.com,152,NRN,Investment,www.nrnil.com
1778389591-153,https://www.nepalstock.com.np/company,Liberty Energy Company Limited,liberty@libertyenergy.com.np,153,LEC,Hydro Power,www.libertyenergy.com.np
1778389591-154,https://www.nepalstock.com.np/company,Shiva Shree Hydropower Ltd,shivashreehydropowerltd@gmail.com,154,SSHL,Hydro Power,www.shivashreehdyro.com
1778389591-155,https://www.nepalstock.com.np/company,Sanima GIC Insurance Limited,info@sgic.com.np,155,SGIC,Non Life Insurance,www.sgic.com.np
1778389591-156,https://www.nepalstock.com.np/company,Mountain Energy Nepal Limited,rajendra.sharma@mountainenergy.com.np,156,MEN,Hydro Power,www.mountainenergy.com.np
1778389591-157,https://www.nepalstock.com.np/company,United IDI Mardi RB Hydropower Limited.,unitedidimardi7mw@gmail.com,157,UMRH,Hydro Power,www.idimardihydro.com.np
1778389591-158,https://www.nepalstock.com.np/company,Prabhu Mahalaxmi Life Insurance Limited,kishor.lamichhane@pmlil.com,158,PMLI,Life Insurance,www.pmlil.com
1778389591-159,https://www.nepalstock.com.np/company,Chandragiri Hills Limited,jhalak.sharma@chandragirihills.com,159,CGH,Hotels And Tourism,www.chandragirihills.com
1778389591-160,https://www.nepalstock.com.np/company,Nepal Infrastructure Bank Limited,iswor.gautam@nifrabank.com,160,NIFRA,Investment,https://www.nifrabank.com
1778389591-161,https://www.nepalstock.com.np/company,GreenLife Hydropower Limited,nepalgreenlife@gmail.com,161,GLH,Hydro Power,www.greenlifehydropower.com.np
1778389591-162,https://www.nepalstock.com.np/company,Mahila Lagubitta Bittiya Sanstha Limited,mlbsl.nepal@gmail.com,162,MLBSL,Microfinance,www.mlbsl.com.np
1778389591-163,https://www.nepalstock.com.np/company,Singati Hydro Energy Limited,shehydro@gmail.com,163,SHEL,Hydro Power,www.singatihydro.com
1778389591-164,https://www.nepalstock.com.np/company,Ru Ru Jalbidhyut Pariyojana Limited,contact@ruruhydro.com,164,RURU,Hydro Power,www.ruruhydro.com
1778389591-165,https://www.nepalstock.com.np/company,CEDB Holdings Limited,chf@chf.com.np,165,CHDC,Investment,www.chdc.com.np
1778389591-166,https://www.nepalstock.com.np/company,Jeevan Bikas Laghubitta  Bittya Sanstha Ltd,info@jeevanbikasmf.com,166,JBLB,Microfinance,www.jeevanbikasmf.com
1778389591-167,https://www.nepalstock.com.np/company,Sanima Reliance Life Insurance Limited,info@sanimareliancelife.com,167,SRLI,Life Insurance,www.sanimareliancelife.com
1778389591-168,https://www.nepalstock.com.np/company,Mailung Khola Jal Vidhyut Company Limited,mailung.mkjc@gmail.com,168,MKJC,Hydro Power,www.mailunhkhola.com.np
1778389591-169,https://www.nepalstock.com.np/company,Manushi Laghubitta Bittiya Sanstha Limited,info@manushilbs.com.np,169,MLBS,Microfinance,https://www.manushilbs.com
1778389591-170,https://www.nepalstock.com.np/company,Sahas Urja Limited,surja@sahasurja.com,170,SAHAS,Hydro Power,www.sahasurja.com
1778389591-171,https://www.nepalstock.com.np/company,Terhathum Power Company Limited,terathumpc@gmail.com,171,TPC,Hydro Power,http://terhathumpower.com/
1778389591-172,https://www.nepalstock.com.np/company,Samling Power Company Limited,info@spcl.com.np,172,SPC,Hydro Power,spcl.com.np
1778389591-173,https://www.nepalstock.com.np/company,Nyadi Hydropower Limited,nhl@nhl.com.np,173,NYADI,Hydro Power,www.nhl.com.np
1778389591-174,https://www.nepalstock.com.np/company,Madhya Bhotekoshi Jalavidyut Company Limited,admin@mbjcl.com.np,174,MBJC,Hydro Power,www.mbjcl.com.np
1778389591-175,https://www.nepalstock.com.np/company,Buddha Bhumi Nepal Hydropower Company Limited,lowertadi@gmail.com,175,BNHC,Hydro Power,buddhabhuminepalhydro.com.np
1778389591-176,https://www.nepalstock.com.np/company,Emerging Nepal Limited,mail@emergingnep.com,176,ENL,Investment,https://www.emergingnep.com
1778389591-177,https://www.nepalstock.com.np/company,NESDO Sambridha Laghubitta Bittiya Sanstha Limited,nesdosmfi@gmail.com,177,NESDO,Microfinance,https://slbs.nesdonepal.org
1778389591-178,https://www.nepalstock.com.np/company,Green Ventures Limited,frontdesk@trivenihydro.com,178,GVL,Hydro Power,www.greenventuresnepal.com
1778389591-179,https://www.nepalstock.com.np/company,Balephi Hydropower Limited,info.balephi@gmail.com,179,BHL,Hydro Power,www.balephihydro.com
1778389591-180,https://www.nepalstock.com.np/company,Upakar Laghubitta Bittiya Sanstha Limited,upakar.banke1@gmail.com,180,ULBSL,Microfinance,www.ulbsl.com.np
1778389591-181,https://www.nepalstock.com.np/company,CYC Nepal Laghubitta Bittiya Sanstha Limited,info@cycnlbsl.org.np,181,CYCL,Microfinance,www.cycnlbsl.org.np
1778389591-182,https://www.nepalstock.com.np/company,River Falls Power Limited,riverfallshydropower@gmail.com,182,RFPL,Hydro Power,www.riverfallshydro.com.np
1778389591-183,https://www.nepalstock.com.np/company,Dordi Khola Jal Bidyut Company Limited,info@dordikhola.com.np,183,DORDI,Hydro Power,www.dordikhola.com.np
1778389591-184,https://www.nepalstock.com.np/company,Bindhyabasini Hydropower Development Company Limited,info.bhdc@rmgroup.com.np,184,BHDC,Hydro Power,https://bindhyabasinihydro.com.np
1778389591-185,https://www.nepalstock.com.np/company,Himalayan Hydropower Limited,himalayanhydro2021@gmail.com,185,HHL,Hydro Power,www.hhpl.com.np
1778389591-186,https://www.nepalstock.com.np/company,Upper Hewakhola Hydropower Company Limited,upperhewahpc@gmail.com,186,UHEWA,Hydro Power,upperhewahpc.com.np
1778389591-187,https://www.nepalstock.com.np/company,Swet-Ganga Hydropower & Construction Limited,sghcl@sanimahydro.com,187,SGHC,Hydro Power,www.swetgangahydropower.com
1778389591-188,https://www.nepalstock.com.np/company,Mandakini Hydropower Limited,mandakini.hydropower@gmail.com,188,MHL,Hydro Power,www.mandakinihydro.com.np
1778389591-189,https://www.nepalstock.com.np/company,Upper Solu Hydro Electric Company Limited,ushec@info.com.np,189,USHEC,Hydro Power,www.ushec.com.np
1778389591-190,https://www.nepalstock.com.np/company,Rapti Hydro And General Construction Limited,info@raptihydro.com.np,190,RHGCL,Hydro Power,www.raptihydro.com.np
1778389591-191,https://www.nepalstock.com.np/company,Aviyan Laghubitta Bittiya Sanstha Limited,aviyanlaghu@gmail.com,191,AVYAN,Microfinance,https://www.aviyanlaghubitta.com/
1778389591-192,https://www.nepalstock.com.np/company,Sayapatri Hydropower Limited,info@sayapatrihydropower.com,192,SPHL,Hydro Power,www.sayapatrihydropower.com
1778389591-193,https://www.nepalstock.com.np/company,People's Power Limited,peoplespowerltd@gmail.com,193,PPL,Hydro Power,www.peoplespower.com.np
1778389591-194,https://www.nepalstock.com.np/company,Dhaulagiri Laghubitta Bittiya Sanstha Limited,dlbsbank.headoffice@gmail.com,194,DLBS,Microfinance,www.dhaulagiribank.com
1778389591-195,https://www.nepalstock.com.np/company,Sikles Hydropower Limited,sikleshydro13mw@gmail.com,195,SIKLES,Hydro Power,www.sikleshydro.com.np
1778389591-196,https://www.nepalstock.com.np/company,Eastern Hydropower Limited,pikhuwakhola5@gmail.com,196,EHPL,Hydro Power,www.ehpl.com.np
1778389591-197,https://www.nepalstock.com.np/company,Shrijanshil Laghubitta Bittiya Sanstha Limited,info@shrijanshil.com.np,197,SHLB,Microfinance,www.shrijanshil.org
1778389591-198,https://www.nepalstock.com.np/company,Peoples Hydropower Company Limited,peoples.hydro5@gmail.com,198,PHCL,Hydro Power,https://peopleshydro.com.np/
1778389591-199,https://www.nepalstock.com.np/company,Barahi Hydropower Public Limited,bhpl.acc@gmail.com,199,BHPL,Hydro Power,www.barahihydropower.com.np
1778389591-200,https://www.nepalstock.com.np/company,Unique Nepal Laghubitta Bittiya Sanstha Limited,info@unlbsl.com.np,200,UNLB,Microfinance,https://uniquenepalmicrofinance.com.np
1778389591-201,https://www.nepalstock.com.np/company,Super Madi Hydropower Limited,supermadihydro@gmail.com,201,SMHL,Hydro Power,www.supermadihydro.com.np
1778389591-202,https://www.nepalstock.com.np/company,Shuvam Power Limited,shuvampower@gmail.com,202,SPL,Hydro Power,www.shuvamhydro.com.np
1778389591-203,https://www.nepalstock.com.np/company,Super Mai Hydropower Limited,supermaihydropower@gmail.com,203,SMH,Hydro Power,www.supermaihydro.com.np
1778389591-204,https://www.nepalstock.com.np/company,Maya Khola Hydropower Company Limited,dpshresths@gmail.com,204,MKHC,Hydro Power,www.mkhpcl.com.np
1778389591-205,https://www.nepalstock.com.np/company,Asian Hydropower Limited,info@asianhydro.com.np,205,AHL,Hydro Power,https://asianhydro.com.np/
1778389591-206,https://www.nepalstock.com.np/company,Kalinchowk Darshan Limited,darshankalinchowk@gmail.com,206,KDL,Hotels And Tourism,www.kalinchowkdarshan.com.np
1778389591-207,https://www.nepalstock.com.np/company,Sanima Middle Tamor Hydropower Limited,middletamor@sanimahydro.com,207,TAMOR,Hydro Power,https://middletamor.com/
1778389591-208,https://www.nepalstock.com.np/company,Molung Hydropower Company Limited,molung.office@gmail.com,208,MHCL,Hydro Power,www.molunghydropwer.com.np
1778389591-209,https://www.nepalstock.com.np/company,Sagarmatha Jalabidhyut Company Limited,sagarmathahydropower@gmail.com,209,SMJC,Hydro Power,https://sagarmathajbc.com.np
1778389591-210,https://www.nepalstock.com.np/company,Aatmanirbhar Laghubitta Bittiya Sanstha Limited,aatmanirbhar2076@gmail.com,210,ANLB,Microfinance,https://aatmanirbhar.com.np
1778389591-211,https://www.nepalstock.com.np/company,Makar Jitumaya Suri Hydropower Limited,mjs.hydropower2065@gmail.com,211,MAKAR,Hydro Power,www.mjshydropower.com.np
1778389591-212,https://www.nepalstock.com.np/company,Mai Khola Hydropower Limited,maikholahydro@gmail.com,212,MKHL,Hydro Power,https://maikholahydropower.com.np
1778389591-213,https://www.nepalstock.com.np/company,Dolti Power Company Limited,info@doltipower.com.np,213,DOLTI,Hydro Power,www.doltipower.org.np
1778389591-214,https://www.nepalstock.com.np/company,Bhugol Energy Development Company Limited,energy.bhugol@gmail.com,214,BEDC,Hydro Power,www.bedc.com.np
1778389591-215,https://www.nepalstock.com.np/company,City Hotel Limited,info@cityhotel.com.np,215,CITY,Hotels And Tourism,https://cityhotel.com.np/
1778389591-216,https://www.nepalstock.com.np/company,Menchhiyam Hydropower Limited,menchhiyam@gmail.com,216,MCHL,Hydro Power,www.menchhiyamhydropower.com
1778389591-217,https://www.nepalstock.com.np/company,Ingwa Hydropower Limited,hydropoweringwa@gmail.com,217,IHL,Hydro Power,www.ingwahydropowerltd.com.np
1778389591-218,https://www.nepalstock.com.np/company,Modi Energy Limited,info@modihydro.com,218,MEL,Hydro Power,www.modihydro.com
1778389591-219,https://www.nepalstock.com.np/company,Rawa Energy Development Limited,rawa.hydro@gmail.com,219,RAWA,Hydro Power,www.rawaenergy.com.np
1778389591-220,https://www.nepalstock.com.np/company,Nepal Republic Media Limited,info@nagariknews.com,220,NRM,Others,www.nepalrepublicmedia.com
1778389591-221,https://www.nepalstock.com.np/company,IME Life Insurance Company Limited,info@imelifeinsurance.com,221,ILI,Life Insurance,www.imelifeinsurance.com
1778389591-222,https://www.nepalstock.com.np/company,Upper Syange Hydropower Limited,upper.syange@gmail.com,222,USHL,Hydro Power,www.uppersyange.com
1778389591-223,https://www.nepalstock.com.np/company,Ghorahi Cement Industry Limited,enquiry@ghorahicement.com,223,GCIL,Manufacturing And Processing,www.ghorahicement.com.np
1778389591-224,https://www.nepalstock.com.np/company,Three Star Hydropower Limited,sapsu2016@gmail.com,224,TSHL,Hydro Power,threestarhydro.com
1778389591-225,https://www.nepalstock.com.np/company,Kutheli Bukhari Small Hydropower Limited,kuthelihydro@gmail.com,225,KBSH,Hydro Power,kuthelihydropower.com.np
1778389591-226,https://www.nepalstock.com.np/company,Reliable Nepal Life Insurance Limited,share@reliablelife.com.np,226,RNLI,Life Insurance,https://reliablelife.com.np
1778389591-227,https://www.nepalstock.com.np/company,Sun Nepal Life Insurance Company Limited,info@snlic.com.np,227,SNLI,Life Insurance,https://www.snlic.com.np/
1778389591-228,https://www.nepalstock.com.np/company,Manakamana Engineering Hydropower Limited,hydromanakamana@gmail.com,228,MEHL,Hydro Power,www.hydromanakamana.com.np
1778389591-229,https://www.nepalstock.com.np/company,Upper Lohore Khola Hydropower Company Limited,upperlohore.hydro@gmail.com,229,ULHC,Hydro Power,www.ulkhp.com
1778389591-230,https://www.nepalstock.com.np/company,Citizen Life Insurance Company Limited,info@citizenlifenepal.com,230,CLI,Life Insurance,www.citizenlifenepal.com
1778389591-231,https://www.nepalstock.com.np/company,Mandu Hydropower Limited,info@manduhydropower.com,231,MANDU,Hydro Power,www.manduhydropower.com
1778389591-232,https://www.nepalstock.com.np/company,Hathway Investment Nepal Limited,nepal.hathway@gmail.com,232,HATHY,Investment,https://www.hathwaynepal.com.np/
1778389591-233,https://www.nepalstock.com.np/company,Bhagawati Hydropower Development Company Limited,bhdcpokhara1@gmail.com,233,BGWT,Hydro Power,www.bhagawatihydro.com.np
1778389591-234,https://www.nepalstock.com.np/company,Mid Solu Hydropower Limited,midsolu.hydropower@gmail.com,234,MSHL,Hydro Power,https://midsoluhydropower.com.np/
1778389591-235,https://www.nepalstock.com.np/company,Sonapur Minerals And Oil Limited,finance@sonacement.com,235,SONA,Manufacturing And Processing,www.sonacement.com
1778389591-236,https://www.nepalstock.com.np/company,Mathillo Mailun Khola Jalvidhyut Limited,mailung@sanimahydro.com,236,MMKJL,Hydro Power,sanimamailung.com
1778389591-237,https://www.nepalstock.com.np/company,Trishuli Jal Vidhyut Company Limited,tjvclshare2080@gmail.com,237,TVCL,Hydro Power,
1778389591-238,https://www.nepalstock.com.np/company,Vision Lumbini Urja Company Limited,urja@visionlumbini.com.np,238,VLUCL,Hydro Power,www.visionlumbiniurja.com
1778389591-239,https://www.nepalstock.com.np/company,Muktinath Krishi Company Limited,info@muktinathkrishi.com,239,MKCL,Others,www.muktinathkrishi.com
1778389591-240,https://www.nepalstock.com.np/company,Chirkhwa Hydropower Limited,chirkhwa@gmail.com,240,CKHL,Hydro Power,www.chirkhwahpl.com
1778389591-241,https://www.nepalstock.com.np/company,Nepal Warehousing Company Limited,info@nwcl.com.np,241,NWCL,Others,www.nwcl.com.np
1778389591-242,https://www.nepalstock.com.np/company,Himalayan Reinsurance Limited,contactus@himalayanre.com,242,HRL,Others,www.himalayanre.com
1778389591-243,https://www.nepalstock.com.np/company,Sarbottam Cement Limited,info@sarbottamcement.com,243,SARBTM,Manufacturing And Processing,www.sarbottamcement.com
1778389591-244,https://www.nepalstock.com.np/company,Guardian Micro Life Insurance Limited,info@gmli.co,244,GMLI,Life Insurance,www.gmli.com.np
1778389591-245,https://www.nepalstock.com.np/company,Nepal Micro Insurance Company Limited,info@nepalmicro.com,245,NMIC,Non Life Insurance,www.nepalmicro.com
1778389591-246,https://www.nepalstock.com.np/company,Crest Micro Life Insurance Limited,info@cmli.com.np,246,CREST,Life Insurance,www.cmli.com.np
1778389591-247,https://www.nepalstock.com.np/company,Om Megashree Pharmaceuticals Limited,info@ommegashreepharmaceuticals.com,247,OMPL,Manufacturing And Processing,www.ommegashreepharmaceuticals.com
1778389591-248,https://www.nepalstock.com.np/company,Pure Energy Limited,info@pureenergynepal.com,248,PURE,Others,https://pureenergynepal.com/
1778389591-249,https://www.nepalstock.com.np/company,Trade Tower Limited,info@tradetower.com.np,249,TTL,Others,
1778389591-250,https://www.nepalstock.com.np/company,Sanvi Energy Limited,energysanvi513@gmail.com,250,SANVI,Hydro Power,www.sanvienergy.com
1778389591-251,https://www.nepalstock.com.np/company,Bikash Hydropower Company Limited,uppermachhakhola@gmail.com,251,BHCL,Hydro Power,www.bikashhydro.com.np
1778389591-252,https://www.nepalstock.com.np/company,Him Star Urja Company Limited,urjahimstar@gmail.com,252,HIMSTAR,Hydro Power,www.urjahimsta.com.np
1778389591-253,https://www.nepalstock.com.np/company,Mabilung Energy Limited,mabilung@gmail.com,253,MABEL,Hydro Power,www.mabilung.com
1778389591-254,https://www.nepalstock.com.np/company,Daramkhola Hydro Energy Limited,daramkholahydroenergy@gmail.com,254,DHEL,Hydro Power,https://daramkholahydro.com
1778389591-255,https://www.nepalstock.com.np/company,Sagar Distillery Limited,legal@sagardistilleries.com,255,SAGAR,Manufacturing And Processing,www.sagardistilleries.com
1778389591-256,https://www.nepalstock.com.np/company,Swastik Laghubitta Bittiya Sanstha Limited,swastik.financeanditdepart@gmail.com,256,SWASTIK,Microfinance,www.swastikmicrofinance.com
1778389591-257,https://www.nepalstock.com.np/company,Bungal Hydro Limited,info.kghep@gmail.com,257,BUNGAL,Hydro Power,bungalhydro.com.np
1778389591-258,https://www.nepalstock.com.np/company,Bandipur Cablecar and Tourism Limited,information@bandipurhill.com,258,BANDIPUR,Hotels And Tourism,www.bandipurhill.com
1778389591-259,https://www.nepalstock.com.np/company,Jhapa Energy Limited,solarpower@jhapaenergy.com.np,259,JHAPA,Others,https://jhapaenergy.com.np/
1778389591-260,https://www.nepalstock.com.np/company,Shreenagar Agritech Industries Limited,info@safnepal.com,260,SAIL,Manufacturing And Processing,www.safnepal.com
1778389591-261,https://www.nepalstock.com.np/company,SY Panel Nepal Limited,synepal34@gmail.com,261,SYPNL,Manufacturing And Processing,https://synepal.com/about.php
1778389591-262,https://www.nepalstock.com.np/company,Salapa Bikas Bank Limited,info@salapabikasbank.com.np,262,SABBL,Development Banks,www.salapabikasbank.com.np
1778389591-263,https://www.nepalstock.com.np/company,Reliance Spinning Mills Limited,info@reliancespinningnepal.com,263,RSML,Manufacturing And Processing,https://www.reliancespinningnepal.com/
1778389591-264,https://www.nepalstock.com.np/company,Hotel Forest Inn Limited,legal.hfin@gmail.com,264,HFIN,Hotels And Tourism,https://hotelforestinn.com.np/
1778389591-265,https://www.nepalstock.com.np/company,Solu Hydropower Limited,info@soluhydro.com,265,SOHL,Hydro Power,www.soluhydro.com
1778389591-266,https://www.nepalstock.com.np/company,Bhujung Hydropower Limited,bhujung.hydro@gmail.com,266,BJHL,Hydro Power,
1778389591-267,https://www.nepalstock.com.np/company,Super Khudi Hydropower Limited,info@superkhudi.com.np,267,SKHL,Hydro Power,www.superkhudi.com.np
1778389591-268,https://www.nepalstock.com.np/company,Ridge Line Energy Limited,info@ridgeline.com.np,268,RLEL,Hydro Power,www.ridgeline.com.np
1778389591-269,https://www.nepalstock.com.np/company,Suryakunda Hydro Electric Limited,info@suryakundahydro.com.np,269,SKHEL,Hydro Power,www.suryakundahydro.com.np
1778389591-270,https://www.nepalstock.com.np/company,Shikhar power Development Limited,shikhar.power71@gmail.com,270,SIPD,Hydro Power,shikharpower.com.np
1778389591-271,https://www.nepalstock.com.np/company,Palpa Cement Industries Limited,info@rmcnepal.com,271,PCIL,Manufacturing And Processing,www.tansencement.com
