DATE,CHANGE,CHANGE %,CLOSE,TURNOVER,VOLUME,TRADE,OPEN,HIGH,LOW
2026-05-08,0.0,0.0,950.0,16.76,1775,25,930.0,950.0,930.0
2026-05-07,0.2,0.02,950.0,,92,8,949.8,950.0,940.0
2026-05-06,9.8,1.04,949.8,1.6,170,10,950.0,950.0,940.0
2026-05-05,-17.5,-1.83,940.0,12.75,1364,32,950.0,968.0,922.0
2026-05-04,16.4,1.74,957.5,3.61,386,24,950.0,957.5,925.1
2026-04-30,-0.2,-0.02,941.1,8.83,932,41,941.3,956.0,937.1
2026-04-29,-18.8,-1.96,941.3,10.33,1093,30,960.1,960.1,941.3
2026-04-28,-19.8,-2.02,960.1,7.18,747,27,979.9,995.0,955.0
2026-04-27,5.9,0.61,979.9,16.31,1703,52,974.0,979.9,827.9
2026-04-24,9.1,0.94,974.0,6.4,667,23,987.0,987.0,940.0
2026-04-23,8.9,0.93,964.9,4.36,452,18,945.0,972.8,945.0
2026-04-22,-23.0,-2.35,956.0,17.35,1822,48,979.0,979.0,945.0
2026-04-21,1.0,0.1,979.0,1.9,198,15,953.0,979.0,953.0
2026-04-20,1.0,0.1,978.0,21.71,2267,33,1001.0,1001.0,950.1
2026-04-17,0.0,0.0,977.0,14.93,1545,43,958.0,1015.0,958.0
2026-04-16,-16.9,-1.7,977.0,8.1,831,36,1013.7,1013.7,958.1
2026-04-15,-3.0,-0.3,993.9,30.84,3124,65,996.9,996.9,980.0
2026-04-13,-1.1,-0.11,996.9,16.11,1637,44,980.0,1000.0,980.0
2026-04-10,-4.0,-0.4,998.0,30.54,3050,69,1021.0,1050.0,988.0
2026-04-09,14.0,1.42,1002.0,26.63,2665,57,995.0,1007.0,993.0
2026-04-08,18.0,1.86,988.0,26.74,2729,38,960.0,988.0,960.0
2026-04-07,10.9,1.14,970.0,18.39,1913,55,978.2,997.0,957.0
2026-04-06,24.1,2.58,959.1,,11343,138,950.0,972.0,931.0
2026-04-05,-86.2,-8.44,935.0,66.35,7057,133,1041.0,1041.0,920.1
2026-04-02,-23.8,-2.28,1021.2,70.84,7060,116,1040.0,1040.0,971.2
2026-04-01,-5.0,-0.48,1045.0,75.25,7363,100,1029.0,1067.4,1001.1
2026-03-31,30.0,2.94,1050.0,46.89,4580,89,1020.0,1050.0,1002.1
2026-03-30,-3.0,-0.29,1020.0,72.35,7010,121,1002.6,1046.0,1002.6
2026-03-29,-17.0,-1.63,1023.0,,11783,100,1060.8,1060.8,1022.0
2026-03-26,-13.0,-1.23,1040.0,30.86,2970,58,1040.0,1043.0,1025.0
2026-03-25,-20.0,-1.86,1053.0,19.69,1858,69,1089.5,1090.0,1048.0
2026-03-24,-1.0,-0.09,1073.0,23.21,2156,78,1092.9,1092.9,1053.0
2026-03-23,6.0,0.56,1074.0,85.49,7988,146,1068.0,1081.0,1050.0
2026-03-22,69.5,6.96,1068.0,,13491,258,1017.0,1095.0,996.7
2026-03-19,8.5,0.86,998.5,58.31,5849,97,990.0,1004.0,990.0
2026-03-17,5.0,0.51,990.0,8.05,817,16,975.0,991.0,975.0
2026-03-16,-15.0,-1.5,985.0,11.0,1117,39,1000.0,1000.0,981.2
2026-03-15,14.8,1.5,1000.0,37.98,3830,61,985.2,1000.0,985.2
2026-03-12,4.1,0.42,985.2,53.34,5413,64,1000.0,1000.0,978.3
2026-03-11,-15.9,-1.59,981.1,38.59,3897,57,1016.0,1016.0,980.0
2026-03-10,28.0,2.89,997.0,94.11,9390,145,988.0,1023.0,988.0
2026-03-03,9.0,0.94,969.0,38.85,4000,55,960.0,1045.0,956.0
2026-03-01,-10.0,-1.03,960.0,8.29,863,27,970.0,970.0,955.2
2026-02-26,-7.0,-0.72,970.0,5.15,531,29,970.0,980.0,960.4
2026-02-25,-1.0,-0.1,977.0,3.57,370,22,958.5,977.0,958.5
2026-02-24,-1.9,-0.19,978.0,40.45,4144,62,961.0,1050.0,945.0
2026-02-23,-14.1,-1.42,979.9,14.38,1479,25,974.2,994.9,957.0
2026-02-22,-23.0,-2.26,994.0,32.54,3320,58,996.7,999.0,966.1
2026-02-17,57.1,5.95,1017.0,35.51,3683,60,943.0,1017.0,943.0
2026-02-16,-10.1,-1.04,959.9,13.46,1416,35,980.0,980.0,942.1
2026-02-12,-16.0,-1.62,970.0,12.86,1332,25,968.2,980.0,951.0
2026-02-11,7.0,0.72,986.0,26.36,2727,53,968.0,986.0,955.0
2026-02-10,-15.0,-1.51,979.0,20.58,2134,41,1013.8,1013.8,960.1
2026-02-09,7.0,0.71,994.0,11.85,1203,41,1004.0,1024.0,960.2
2026-02-08,27.0,2.81,987.0,87.02,8893,114,979.2,998.0,965.0
2026-02-05,5.5,0.58,960.0,72.9,7503,119,970.0,1049.9,945.2
2026-02-04,11.5,1.22,954.5,3.53,372,30,961.8,961.8,944.1
2026-02-03,-7.0,-0.74,943.0,30.87,3235,63,968.0,969.0,943.0
2026-02-02,0.0,0.0,950.0,22.16,2323,51,968.0,1006.0,950.0
2026-02-01,-1.0,-0.11,950.0,31.57,3320,60,940.2,1008.0,940.0
2026-01-29,-7.0,-0.73,951.0,23.47,2466,45,965.0,965.0,947.2
2026-01-28,3.0,0.31,958.0,18.4,1919,47,940.0,974.0,940.0
2026-01-27,-25.0,-2.55,955.0,38.89,4030,72,966.0,981.0,955.0
2026-01-26,0.0,0.0,980.0,8.28,849,37,980.0,980.0,967.3
2026-01-25,28.5,3.0,980.0,53.5,5507,71,970.0,1028.0,947.3
2026-01-22,-8.5,-0.89,951.5,30.81,3238,62,951.0,956.9,947.0
2026-01-21,-10.0,-1.03,960.0,13.37,1392,39,970.0,970.0,956.1
2026-01-20,12.0,1.25,970.0,17.38,1783,46,965.0,980.0,960.1
2026-01-18,-11.2,-1.16,958.0,65.77,6822,82,950.0,987.9,949.9
2026-01-14,9.2,0.96,969.2,9.87,1028,43,940.8,990.0,940.8
2026-01-13,-5.0,-0.52,960.0,22.95,2421,56,945.7,960.0,910.0
2026-01-12,29.0,3.1,965.0,42.95,4566,61,921.0,965.0,921.0
2026-01-08,1.0,0.11,936.0,7.22,775,21,944.0,944.0,918.0
2026-01-07,5.0,0.54,935.0,12.97,1399,36,920.0,935.0,920.0
2026-01-06,-1.0,-0.11,930.0,10.4,1124,33,931.0,944.0,917.1
2026-01-05,11.0,1.2,931.0,5.89,639,27,908.0,937.0,908.0
2026-01-04,-5.0,-0.54,920.0,5.42,591,31,930.0,930.0,915.0
2026-01-01,-18.0,-1.91,925.0,19.42,2106,46,945.0,945.0,912.1
2025-12-31,13.0,1.4,943.0,10.23,1093,27,930.0,944.5,925.2
2025-12-29,-5.9,-0.63,930.0,20.04,2161,38,926.0,933.0,926.0
2025-12-28,28.6,3.15,935.9,48.16,5237,51,905.0,935.9,905.0
2025-12-24,2.3,0.25,907.3,11.49,1271,39,905.0,916.0,900.2
2025-12-23,-6.0,-0.66,905.0,3.95,437,14,911.0,911.0,900.0
2025-12-22,0.0,0.0,911.0,18.98,2095,49,903.1,911.0,903.1
2025-12-21,-19.0,-2.04,911.0,29.39,3201,66,930.0,930.0,910.0
2025-12-18,-9.0,-0.96,930.0,26.26,2822,62,925.0,938.0,923.0
2025-12-17,-9.9,-1.04,939.0,37.52,3990,68,949.0,949.0,939.0
2025-12-16,9.9,1.05,948.9,21.29,2262,50,939.0,949.0,935.1
2025-12-15,-9.0,-0.95,939.0,13.56,1438,44,948.0,951.5,935.1
2025-12-14,-43.0,-4.34,948.0,60.94,6407,155,971.2,971.2,934.0
2025-12-11,9.0,0.92,991.0,7.29,738,37,980.0,999.6,980.0
2025-12-10,-9.5,-0.96,982.0,15.74,1598,41,991.5,991.5,980.2
2025-12-09,1.5,0.15,991.5,2.59,261,12,1009.0,1009.0,990.0
2025-12-08,0.0,0.0,990.0,14.61,1482,40,990.0,990.0,981.0
2025-12-07,-20.0,-1.98,990.0,44.74,4511,61,1000.0,1000.0,985.6
2025-12-03,-5.5,-0.54,1010.0,25.21,2479,42,1017.0,1025.0,1010.0
2025-12-02,-9.4,-0.92,1015.5,7.53,738,22,1011.0,1030.0,1011.0
2025-12-01,14.9,1.48,1024.9,15.6,1541,27,1010.0,1024.9,996.0
2025-11-30,-8.0,-0.79,1010.0,16.62,1629,43,1037.9,1038.3,1005.0
2025-11-27,7.0,0.69,1018.0,17.35,1706,28,1017.0,1025.0,1016.0
2025-11-26,-0.1,-0.01,1011.0,17.64,1739,49,1011.1,1024.0,1007.0
2025-11-25,0.9,0.09,1011.1,10.0,987,34,1020.0,1028.0,1010.0
2025-11-24,4.2,0.42,1010.2,15.76,1550,36,1020.0,1030.0,1005.0
2025-11-23,17.0,1.72,1006.0,15.34,1533,33,1008.0,1008.0,989.0
2025-11-20,10.5,1.07,989.0,4.4,444,17,996.0,996.0,975.2
2025-11-19,-6.5,-0.66,978.5,7.77,792,27,982.0,1001.0,975.7
2025-11-18,-4.0,-0.4,985.0,11.85,1197,32,972.3,1001.0,972.3
2025-11-17,10.0,1.02,989.0,15.42,1572,31,971.0,989.0,971.0
2025-11-16,-15.0,-1.51,979.0,18.15,1853,40,975.3,990.0,975.3
2025-11-13,-1.0,-0.1,994.0,6.12,618,14,979.2,995.0,979.2
2025-11-12,-0.1,-0.01,995.0,7.36,739,22,976.2,1019.8,976.2
2025-11-11,-9.9,-0.99,995.1,3.18,319,12,1005.0,1005.0,988.8
2025-11-10,6.0,0.6,1005.0,6.89,690,18,990.5,1010.0,990.4
2025-11-09,-21.0,-2.06,999.0,9.06,906,24,1020.0,1020.0,999.0
2025-11-06,9.0,0.89,1020.0,9.1,904,23,1030.0,1030.0,996.0
2025-11-05,4.0,0.4,1011.0,19.89,1985,20,1026.0,1026.0,998.3
2025-11-04,-13.0,-1.27,1007.0,8.1,801,29,1039.0,1040.0,1007.0
2025-11-03,-15.0,-1.45,1020.0,9.48,923,23,1055.0,1055.0,1015.0
2025-11-02,27.0,2.68,1035.0,25.05,2431,54,1009.0,1049.5,1009.0
2025-10-30,14.0,1.41,1008.0,8.29,828,24,994.0,1010.0,980.0
2025-10-29,-5.0,-0.5,994.0,30.29,3024,56,990.0,1020.0,980.0
2025-10-28,24.0,2.46,999.0,15.49,1579,45,965.0,999.0,951.0
2025-10-26,5.0,0.52,975.0,9.12,944,23,960.0,979.0,960.0
2025-10-19,0.0,0.0,970.0,21.62,2231,32,970.0,970.1,965.0
2025-10-16,-14.0,-1.42,970.0,8.85,912,19,970.0,986.0,968.1
2025-10-15,3.9,0.4,984.0,7.39,754,19,998.0,998.0,978.1
2025-10-14,-19.9,-1.99,980.1,8.79,892,29,1000.0,1000.0,980.0
2025-10-13,18.0,1.83,1000.0,20.57,2112,34,982.0,1000.0,970.0
2025-10-12,-28.3,-2.8,982.0,23.08,2334,45,994.0,1010.0,977.3
2025-10-09,2.3,0.23,1010.3,26.25,2574,55,1028.0,1059.0,1010.0
2025-10-08,-0.1,-0.01,1008.0,26.64,2668,72,1008.1,1010.0,988.0
2025-10-07,-36.9,-3.53,1008.1,12.76,1253,41,1028.1,1045.0,1007.5
2025-09-28,21.0,2.05,1045.0,4.63,448,16,1021.0,1045.0,1021.0
2025-09-25,-8.0,-0.78,1024.0,4.95,483,19,1025.0,1036.0,1023.1
2025-09-24,-25.9,-2.45,1032.0,8.89,857,29,1037.1,1057.0,1031.0
2025-09-23,28.81,2.8,1057.9,15.52,1481,41,1044.0,1058.0,1038.0
2025-09-21,59.09,6.09,1029.09,41.51,4204,74,955.0,1041.0,950.0
2025-09-18,-46.64,-4.59,970.0,1.72,175,8,996.4,997.0,970.0
2025-09-08,-11.46,-1.11,1016.64,18.02,1761,50,1024.0,1044.4,1010.0
2025-09-07,-6.9,-0.67,1028.1,8.67,840,30,1020.0,1045.5,1020.0
2025-09-04,-10.09,-0.97,1035.0,9.8,949,36,1030.0,1050.6,1030.0
2025-09-03,-6.59,-0.63,1045.09,13.95,1332,46,1051.68,1055.0,1044.0
2025-09-02,-9.72,-0.92,1051.68,21.5,2035,61,1061.4,1079.0,1051.1
2025-09-01,-8.6,-0.8,1061.4,14.51,1364,51,1070.0,1084.0,1061.1
2025-08-31,-8.55,-0.79,1070.0,12.24,1135,49,1077.0,1098.0,1061.0
2025-08-28,-15.23,-1.39,1078.55,19.22,1785,51,1075.0,1094.0,1072.0
2025-08-27,10.45,0.96,1093.78,23.82,2201,56,1083.33,1100.0,1070.0
2025-08-26,-11.17,-1.02,1083.33,6.3,579,27,1100.0,1100.0,1082.0
2025-08-25,7.53,0.69,1094.5,10.87,995,36,1108.7,1130.0,1087.0
2025-08-24,16.71,1.56,1086.97,13.32,1212,51,1070.0,1157.0,1070.0
2025-08-21,-11.31,-1.05,1070.26,12.97,1211,45,1081.0,1085.0,1065.0
2025-08-20,-6.76,-0.62,1081.57,7.37,681,21,1088.33,1088.33,1081.0
2025-08-19,5.33,0.49,1088.33,14.74,1353,33,1083.0,1100.0,1080.1
2025-08-18,-5.94,-0.55,1083.0,22.72,2082,38,1105.0,1105.0,1083.0
2025-08-17,-19.1,-1.72,1088.94,11.74,1074,54,1100.0,1115.0,1087.0
2025-08-14,-4.97,-0.45,1108.04,9.14,824,47,1113.01,1123.0,1101.0
2025-08-13,1.96,0.18,1113.01,17.91,1613,53,1111.05,1116.0,1095.0
2025-08-12,-8.22,-0.73,1111.05,19.63,1776,50,1140.0,1140.0,1103.0
2025-08-11,-39.96,-3.45,1119.27,23.06,2022,68,1175.0,1175.0,1118.0
2025-08-07,18.11,1.59,1159.23,43.59,3769,135,1143.2,1172.0,1143.0
2025-08-06,26.54,2.38,1141.12,42.06,3695,135,1135.0,1150.0,1116.0
2025-08-05,-4.15,-0.37,1114.58,56.14,5011,107,1100.0,1141.0,1100.0
2025-08-04,0.26,0.02,1118.73,27.24,2441,65,1118.0,1139.0,1100.0
2025-08-03,-42.68,-3.68,1118.47,65.79,5839,132,1161.5,1161.5,1112.2
2025-07-31,-21.24,-1.8,1161.15,72.73,6197,107,1202.0,1202.0,1160.0
2025-07-30,-21.78,-1.81,1182.39,,17636,279,1228.0,1240.0,1178.1
2025-07-29,35.18,3.01,1204.17,,12750,188,1192.3,1235.0,1175.0
2025-07-28,-19.01,-1.6,1168.99,,8993,160,1200.0,1201.0,1140.1
2025-07-27,-19.8,-1.64,1188.0,,12730,223,1200.0,1233.8,1180.0
2025-07-24,62.91,5.49,1207.8,,18153,300,1150.0,1218.9,1150.0
2025-07-23,-19.29,-1.66,1144.89,91.77,8029,177,1164.18,1164.18,1130.3
2025-07-22,37.81,3.36,1164.18,,10029,214,1127.0,1177.0,1126.0
2025-07-21,13.1,1.18,1126.37,44.46,3985,97,1113.27,1135.0,1101.0
2025-07-20,3.41,0.31,1113.27,80.56,7136,137,1092.0,1145.0,1091.0
2025-07-17,22.45,2.06,1109.86,79.06,7112,112,1095.0,1153.0,1091.0
2025-07-16,-12.77,-1.16,1087.41,35.09,3215,64,1080.2,1110.0,1080.2
2025-07-15,20.59,1.91,1100.18,25.26,2302,53,1099.0,1105.0,1077.1
2025-07-14,-31.95,-2.87,1079.59,42.48,3929,70,1095.0,1099.0,1071.2
2025-07-13,19.05,1.74,1111.54,63.31,5652,105,1114.3,1140.0,1097.0
2025-07-10,47.07,4.5,1092.49,49.67,4591,116,1066.0,1134.0,1047.0
2025-07-09,7.43,0.72,1045.42,14.69,1407,31,1036.0,1050.0,1036.0
2025-07-08,-5.97,-0.57,1037.99,14.56,1402,40,1040.0,1045.0,1036.0
2025-07-07,-4.16,-0.4,1043.96,27.42,2618,49,1040.0,1050.0,1040.0
2025-07-06,-1.78,-0.17,1048.12,17.54,1676,44,1035.0,1057.9,1035.0
2025-07-03,-11.4,-1.07,1049.9,41.85,3985,59,1060.0,1065.0,1043.0
2025-07-02,-2.61,-0.25,1061.3,30.05,2827,62,1079.9,1079.9,1061.0
2025-07-01,28.91,2.79,1063.91,46.35,4389,123,1040.0,1071.0,1033.0
2025-06-30,9.42,0.92,1035.0,14.49,1394,37,1045.0,1048.9,1031.4
2025-06-29,12.39,1.22,1025.58,23.42,2290,45,1015.0,1030.0,1011.4
2025-06-26,-5.7,-0.56,1013.19,13.94,1372,39,1015.0,1022.0,1011.2
2025-06-25,0.89,0.09,1018.89,5.15,507,26,1010.0,1020.0,1010.0
2025-06-24,7.3,0.72,1018.0,4.84,475,17,1030.9,1032.0,1017.0
2025-06-23,-9.68,-0.95,1010.7,26.9,2649,43,1021.0,1021.0,1005.0
2025-06-22,-5.55,-0.54,1020.38,19.45,1909,49,1011.1,1031.3,1011.1
2025-06-19,-18.38,-1.76,1025.93,20.26,1973,41,1030.0,1049.0,1021.0
2025-06-18,-13.54,-1.28,1044.31,7.55,723,26,1057.85,1060.0,1041.0
2025-06-17,17.31,1.66,1057.85,25.68,2431,48,1030.1,1062.9,1030.1
2025-06-16,16.34,1.6,1040.54,42.87,4120,59,1010.0,1050.0,1010.0
2025-06-15,-5.32,-0.52,1024.2,14.6,1421,39,1010.3,1040.2,1010.3
2025-06-12,-6.48,-0.63,1029.52,33.72,3274,72,1026.5,1047.6,1026.5
2025-06-11,-17.74,-1.68,1036.0,24.16,2326,43,1073.0,1073.0,1035.0
2025-06-10,13.35,1.28,1053.74,12.9,1229,44,1040.0,1060.0,1040.0
2025-06-09,0.33,0.03,1040.39,7.12,685,33,1040.7,1050.0,1035.0
2025-06-08,-3.08,-0.3,1040.06,13.32,1294,40,1025.2,1045.0,1025.0
2025-06-05,-6.86,-0.65,1043.14,12.61,1219,36,1032.0,1070.0,1029.1
2025-06-04,0.12,0.01,1050.0,6.64,634,26,1029.0,1065.0,1029.0
2025-06-03,-25.78,-2.4,1049.88,18.31,1737,42,1075.66,1075.66,1043.0
2025-06-02,0.47,0.04,1075.66,13.26,1236,39,1096.6,1096.6,1064.5
2025-05-28,-3.72,-0.34,1075.19,18.95,1787,46,1057.4,1080.0,1040.2
2025-05-27,-21.09,-1.92,1078.91,23.37,2166,53,1100.0,1100.0,1078.0
2025-05-26,-8.15,-0.74,1100.0,44.38,3991,77,1130.0,1152.0,1100.0
2025-05-25,27.82,2.58,1108.15,70.49,6336,130,1080.33,1123.0,1080.0
2025-05-22,30.33,2.89,1080.33,38.48,3580,100,1050.0,1084.0,1034.0
2025-05-21,-4.94,-0.47,1050.0,19.03,1783,51,1076.0,1096.0,1050.0
2025-05-20,18.74,1.81,1054.94,28.26,2696,46,1056.0,1056.0,1035.0
2025-05-19,2.25,0.22,1036.2,22.38,2160,37,1049.0,1049.0,1034.0
2025-05-18,17.23,1.69,1033.95,17.22,1667,38,1015.0,1052.0,1015.0
2025-05-15,-8.99,-0.88,1016.72,26.83,2629,38,1014.1,1046.2,1013.0
2025-05-14,-7.32,-0.71,1025.71,17.29,1685,26,1020.1,1031.0,1020.1
2025-05-13,-6.97,-0.67,1033.03,7.34,710,24,1040.0,1050.0,1031.0
2025-05-11,-6.02,-0.58,1040.0,26.02,2470,52,1066.0,1091.0,1036.0
2025-05-08,2.05,0.2,1046.02,15.18,1464,41,1064.0,1084.0,1024.0
2025-05-07,28.56,2.81,1043.97,22.38,2188,50,1011.0,1045.0,1001.0
2025-05-06,1.5,0.15,1015.41,22.37,2201,56,1014.0,1020.0,1013.9
2025-05-05,4.47,0.44,1013.91,19.19,1890,33,1020.0,1040.0,1010.0
2025-05-04,-0.66,-0.07,1009.44,22.23,2215,61,1020.0,1020.0,1000.0
2025-04-30,-16.13,-1.57,1010.1,31.42,3103,63,1026.0,1040.9,1000.0
2025-04-29,-12.99,-1.25,1026.23,15.56,1516,49,1020.1,1045.0,1020.1
2025-04-28,-6.99,-0.67,1039.22,13.88,1330,35,1035.0,1070.0,1030.0
2025-04-27,-8.51,-0.81,1046.21,23.84,2281,54,1060.0,1080.0,1035.0
2025-04-24,-5.28,-0.5,1054.72,6.28,597,29,1045.1,1059.0,1045.1
2025-04-23,-14.8,-1.38,1060.0,7.93,748,14,1063.5,1064.0,1060.0
2025-04-22,-3.74,-0.35,1074.8,19.54,1821,32,1061.0,1080.0,1061.0
2025-04-21,4.83,0.45,1078.54,44.18,4108,56,1089.9,1089.9,1059.0
2025-04-20,-5.29,-0.49,1073.71,8.26,773,32,1061.0,1095.0,1060.0
2025-04-17,11.02,1.03,1079.0,35.09,3268,80,1052.0,1087.0,1052.0
2025-04-16,1.98,0.19,1067.98,10.63,993,31,1087.0,1087.3,1060.0
2025-04-15,-1.03,-0.1,1066.0,8.25,769,30,1060.0,1088.3,1057.1
2025-04-13,-6.47,-0.6,1067.03,28.76,2684,42,1080.0,1094.0,1055.2
2025-04-10,17.6,1.67,1073.5,33.08,3117,53,1070.0,1076.1,1046.6
2025-04-09,5.14,0.49,1055.9,18.0,1701,36,1051.0,1088.9,1051.0
2025-04-08,-4.48,-0.42,1050.76,29.94,2869,68,1045.0,1060.0,1036.0
2025-04-07,-25.0,-2.31,1055.24,43.59,4073,65,1101.8,1101.8,1053.0
2025-04-03,-17.1,-1.56,1080.24,32.22,2976,53,1077.0,1108.9,1077.0
2025-04-02,13.85,1.28,1097.34,17.78,1613,43,1104.0,1117.9,1083.0
2025-04-01,-21.51,-1.95,1083.49,39.22,3625,51,1085.0,1090.0,1070.0
2025-03-30,15.35,1.41,1105.0,38.57,3473,75,1089.65,1125.0,1068.0
2025-03-27,41.65,3.97,1089.65,50.99,4730,92,1055.0,1097.6,1050.0
2025-03-26,8.62,0.83,1048.0,21.31,2042,45,1021.0,1050.0,1021.0
2025-03-25,-20.72,-1.95,1039.38,21.9,2092,41,1060.0,1060.0,1039.0
2025-03-24,10.16,0.97,1060.1,24.73,2327,53,1031.0,1075.0,1031.0
2025-03-23,-47.66,-4.34,1049.94,67.05,6343,124,1077.3,1080.0,1030.0
2025-03-20,-2.4,-0.22,1097.6,14.33,1301,38,1101.0,1115.0,1095.4
2025-03-19,-10.0,-0.9,1100.0,42.15,3826,70,1110.0,1131.5,1095.2
2025-03-18,-5.0,-0.45,1110.0,23.79,2129,44,1115.0,1137.3,1105.1
2025-03-17,10.0,0.9,1115.0,10.31,925,42,1114.0,1126.9,1112.0
2025-03-16,-15.0,-1.34,1105.0,26.3,2385,67,1142.4,1142.4,1098.0
2025-03-12,20.0,1.82,1120.0,30.69,2775,50,1089.0,1122.0,1089.0
2025-03-11,-40.0,-3.51,1100.0,63.12,5643,120,1121.1,1136.0,1099.7
2025-03-10,-9.0,-0.78,1140.0,31.91,2786,63,1145.0,1169.0,1140.0
2025-03-09,-30.0,-2.54,1149.0,55.39,4799,105,1170.0,1175.0,1140.0
2025-03-06,19.0,1.64,1179.0,55.09,4686,77,1151.0,1199.0,1151.0
2025-03-05,-6.0,-0.51,1160.0,53.37,4592,90,1148.0,1170.0,1148.0
2025-03-04,-58.0,-4.74,1166.0,,12012,196,1224.0,1224.0,1160.0
2025-03-03,-13.9,-1.12,1224.0,91.38,7462,119,1245.0,1245.0,1211.1
2025-03-02,7.9,0.64,1237.9,61.81,5035,106,1230.1,1243.9,1224.0
2025-02-27,-15.0,-1.2,1230.0,81.23,6513,98,1250.0,1269.0,1224.0
2025-02-25,14.0,1.14,1245.0,91.89,7403,113,1239.0,1250.0,1222.0
2025-02-24,-24.0,-1.91,1231.0,,14253,174,1256.0,1280.0,1231.0
2025-02-23,-13.0,-1.03,1255.0,,17354,209,1245.0,1269.0,1225.0
2025-02-20,13.0,1.04,1268.0,,13624,162,1245.1,1280.0,1240.0
2025-02-18,-9.0,-0.71,1255.0,,12313,161,1260.0,1284.9,1240.0
2025-02-17,51.0,4.2,1264.0,,24237,346,1218.0,1275.0,1218.0
2025-02-16,33.0,2.8,1213.0,,11747,200,1203.0,1216.2,1176.1
2025-02-13,-7.9,-0.67,1180.0,47.96,4041,80,1177.0,1195.0,1177.0
2025-02-12,26.9,2.32,1187.9,75.53,6375,111,1179.0,1193.4,1170.0
2025-02-11,11.0,0.96,1161.0,81.15,6982,83,1169.0,1169.0,1154.0
2025-02-10,-18.5,-1.58,1150.0,86.41,7484,117,1170.0,1170.0,1140.0
2025-02-09,-12.6,-1.07,1168.5,77.39,6593,117,1181.1,1200.0,1158.0
2025-02-06,-8.9,-0.75,1181.1,41.79,3530,76,1170.0,1200.0,1170.0
2025-02-05,-1.0,-0.08,1190.0,,16045,195,1175.0,1195.0,1160.0
2025-02-04,-14.5,-1.2,1191.0,,11535,178,1210.0,1214.0,1172.0
2025-02-03,-9.5,-0.78,1205.5,,16338,239,1195.0,1232.0,1195.0
2025-02-02,80.0,7.05,1215.0,,28875,410,1157.7,1230.0,1121.0
2025-01-28,18.0,1.61,1135.0,66.5,5850,110,1139.0,1162.0,1117.0
2025-01-27,-28.0,-2.45,1117.0,,21208,243,1145.0,1162.1,1117.0
2025-01-26,101.1,9.68,1145.0,,29999,555,1058.0,1147.0,1057.0
2025-01-23,6.9,0.67,1043.9,70.92,6823,105,1024.0,1044.0,1024.0
2025-01-22,12.1,1.18,1037.0,56.55,5468,90,1020.0,1040.0,1019.0
2025-01-21,-0.1,-0.01,1024.9,24.04,2342,53,1010.0,1035.0,1007.2
2025-01-20,17.0,1.69,1025.0,34.02,3330,63,1012.0,1035.0,1011.0
2025-01-19,-2.0,-0.2,1008.0,53.16,5294,92,1001.0,1014.0,1000.0
2025-01-16,-5.0,-0.49,1010.0,43.62,4321,82,1002.0,1020.0,1002.0
2025-01-15,-6.2,-0.61,1015.0,21.45,2100,54,1040.0,1040.0,1013.2
2025-01-13,-3.8,-0.37,1021.2,15.23,1490,37,1035.0,1035.0,1014.3
2025-01-12,3.0,0.29,1025.0,25.83,2522,37,1040.0,1040.0,1018.0
2025-01-09,-16.7,-1.61,1022.0,25.96,2537,60,1020.0,1045.0,1010.0
2025-01-08,10.7,1.04,1038.7,41.09,3947,84,1048.0,1050.0,1030.0
2025-01-07,6.0,0.59,1028.0,40.22,3935,59,1023.0,1028.0,1012.0
2025-01-06,-2.0,-0.2,1022.0,45.36,4447,78,1029.0,1029.0,1011.0
2025-01-05,-1.0,-0.1,1024.0,28.1,2741,56,1020.1,1035.0,1020.1
2025-01-02,1.0,0.1,1025.0,18.91,1845,36,1005.0,1034.3,1005.0
2025-01-01,7.0,0.69,1024.0,21.15,2066,26,1001.0,1039.5,1001.0
2024-12-31,-5.0,-0.49,1017.0,32.75,3222,66,1011.0,1033.5,1000.0
2024-12-29,-4.0,-0.39,1022.0,35.64,3436,93,1007.0,1064.8,1007.0
2024-12-26,11.1,1.09,1026.0,22.52,2188,46,1020.0,1040.0,1015.0
2024-12-24,14.9,1.49,1014.9,43.37,4298,59,1008.0,1014.9,988.0
2024-12-23,0.0,0.0,1000.0,21.88,2203,58,1000.0,1000.0,986.0
2024-12-22,-10.0,-0.99,1000.0,26.68,2674,41,1002.0,1007.9,991.0
2024-12-19,0.0,0.0,1010.0,12.22,1209,30,1030.2,1048.9,1000.2
2024-12-18,10.0,1.0,1010.0,39.49,3861,60,1000.0,1040.0,1000.0
2024-12-17,-2.0,-0.2,1000.0,13.71,1370,33,991.0,1009.9,991.0
2024-12-16,-28.0,-2.72,1002.0,19.72,1965,52,1010.0,1017.0,1000.0
2024-12-12,-37.0,-3.47,1030.0,69.34,6640,121,1045.7,1068.5,1025.0
2024-12-11,6.0,0.57,1067.0,20.31,1908,31,1060.0,1070.0,1060.0
2024-12-10,-10.9,-1.02,1061.0,23.62,2206,46,1072.0,1085.0,1060.1
2024-12-09,1.9,0.18,1071.9,23.75,2220,48,1070.0,1080.1,1050.1
2024-12-08,-33.1,-3.0,1070.0,39.41,3583,95,1085.0,1129.0,1070.0
2024-12-05,-20.9,-1.86,1103.1,26.93,2414,49,1115.0,1138.9,1101.2
2024-12-04,-5.0,-0.44,1124.0,29.18,2587,56,1117.1,1140.0,1116.0
2024-12-03,-1.0,-0.09,1129.0,27.28,2438,43,1139.0,1139.0,1115.0
2024-12-02,5.0,0.44,1130.0,93.85,8250,117,1124.0,1148.0,1123.1
2024-12-01,-6.0,-0.53,1125.0,25.44,2283,61,1119.0,1125.1,1109.0
2024-11-28,-9.0,-0.79,1131.0,41.94,3696,59,1160.0,1160.0,1127.0
2024-11-27,0.0,0.0,1140.0,34.88,3049,60,1145.0,1155.0,1135.0
2024-11-26,24.0,2.15,1140.0,18.12,1607,52,1137.8,1149.9,1120.0
2024-11-25,-13.9,-1.23,1116.0,13.22,1180,35,1113.0,1130.0,1113.0
2024-11-24,-8.1,-0.71,1129.9,35.22,3138,67,1120.0,1142.0,1110.0
2024-11-21,8.0,0.71,1138.0,72.78,6369,109,1144.0,1155.6,1133.0
2024-11-20,3.0,0.27,1130.0,42.34,3784,80,1115.0,1142.0,1104.5
2024-11-19,-27.0,-2.34,1127.0,78.85,6871,126,1175.0,1177.0,1127.0
2024-11-17,34.0,3.04,1154.0,,9296,148,1142.4,1185.0,1142.4
2024-11-14,-5.0,-0.44,1120.0,77.77,6913,107,1130.0,1143.0,1112.0
2024-11-13,-6.0,-0.53,1125.0,49.61,4379,74,1132.1,1150.0,1110.0
2024-11-12,-0.5,-0.04,1131.0,62.62,5453,122,1108.9,1167.6,1108.9
2024-11-11,64.5,6.04,1131.5,,17280,293,1088.0,1160.0,1080.3
2024-11-10,11.0,1.04,1067.0,47.13,4425,84,1057.0,1075.0,1057.0
2024-11-06,21.8,2.11,1056.0,16.08,1533,42,1025.3,1062.0,1025.3
2024-11-05,-13.8,-1.32,1034.2,17.98,1733,44,1068.9,1088.9,1028.0
2024-10-30,5.1,0.49,1048.0,13.85,1339,38,1026.3,1048.0,1026.3
2024-10-29,26.9,2.65,1042.9,26.04,2508,61,1019.1,1050.0,1019.1
2024-10-28,0.5,0.05,1016.0,18.09,1775,40,1025.0,1045.0,1013.0
2024-10-27,-18.3,-1.77,1015.5,13.9,1354,38,1033.0,1040.0,1015.5
2024-10-24,-1.2,-0.12,1033.8,11.16,1089,46,1025.1,1033.8,1016.0
2024-10-23,0.0,0.0,1035.0,8.09,779,34,1040.0,1050.0,1035.0
2024-10-22,7.0,0.68,1035.0,9.32,904,28,1030.1,1042.0,1020.3
2024-10-21,-17.0,-1.63,1028.0,11.62,1129,46,1025.5,1035.0,1020.0
2024-10-20,-34.0,-3.15,1045.0,29.0,2758,61,1058.0,1079.0,1040.0
2024-10-17,-1.0,-0.09,1079.0,19.05,1765,51,1100.0,1100.0,1061.0
2024-10-16,27.1,2.57,1080.0,60.81,5744,83,1071.0,1080.0,1045.0
2024-10-15,12.8,1.23,1052.9,2.69,259,13,1025.0,1054.0,1025.0
2024-10-09,0.4,0.04,1040.1,7.47,716,28,1055.0,1059.0,1017.2
2024-10-08,-6.3,-0.6,1039.7,11.25,1081,23,1066.9,1066.9,1035.1
2024-10-07,8.5,0.82,1046.0,23.71,2281,45,1017.0,1058.2,1017.0
2024-10-06,26.5,2.62,1037.5,21.08,2047,56,1011.0,1050.8,1010.0
2024-10-02,-19.0,-1.84,1011.0,54.5,5324,94,1050.0,1050.0,1007.0
2024-10-01,30.0,3.0,1030.0,46.09,4519,108,1011.0,1033.0,1000.0
2024-09-30,15.0,1.52,1000.0,12.38,1255,34,967.2,1004.0,967.0
2024-09-29,-14.0,-1.4,985.0,42.22,4249,58,999.0,1039.0,981.1
2024-09-26,0.0,0.0,999.0,34.05,3400,71,1018.0,1037.0,980.0
2024-09-25,17.0,1.73,999.0,38.15,3890,86,965.0,999.0,965.0
2024-09-24,-6.1,-0.62,982.0,38.09,3868,68,988.1,995.0,982.0
2024-09-23,-30.1,-2.96,988.1,45.85,4591,80,1012.0,1012.0,986.0
2024-09-22,7.2,0.71,1018.2,26.62,2592,67,1025.1,1046.0,1015.0
2024-09-18,-20.1,-1.95,1011.0,38.7,3796,96,1021.0,1031.0,1011.0
2024-09-16,-34.9,-3.27,1031.1,67.28,6402,113,1066.0,1070.0,1031.0
2024-09-15,-23.0,-2.11,1066.0,54.64,5008,110,1110.0,1110.0,1065.4
2024-09-12,11.9,1.1,1089.0,64.69,5989,129,1077.4,1106.0,1055.0
2024-09-11,-3.9,-0.36,1077.1,54.26,4988,113,1075.1,1100.0,1075.1
2024-09-10,-23.0,-2.08,1081.0,57.97,5292,105,1120.0,1125.0,1078.0
2024-09-09,-39.0,-3.41,1104.0,56.76,5094,111,1155.0,1165.0,1103.7
2024-09-08,28.0,2.51,1143.0,,12485,266,1137.0,1181.9,1115.0
2024-09-05,20.0,1.83,1115.0,,9512,183,1080.0,1144.4,1080.0
2024-09-04,-21.0,-1.88,1095.0,91.8,8224,166,1120.1,1150.0,1090.0
2024-09-03,-18.2,-1.6,1116.0,44.01,3903,97,1134.0,1140.0,1111.0
2024-09-02,53.2,4.92,1134.2,86.76,7886,197,1100.0,1134.2,1075.0
2024-09-01,-57.0,-5.01,1081.0,,11424,216,1117.0,1134.4,1080.0
2024-08-29,-6.9,-0.6,1138.0,79.81,7154,138,1130.0,1138.0,1103.0
2024-08-28,-25.1,-2.15,1144.9,62.73,5482,139,1170.0,1175.0,1111.1
2024-08-27,-0.1,-0.01,1170.0,,10522,248,1193.5,1200.0,1127.0
2024-08-25,40.1,3.55,1170.1,,14424,310,1131.0,1220.0,1110.0
2024-08-22,20.4,1.84,1130.0,,13447,324,1100.0,1130.0,1080.0
2024-08-21,-35.5,-3.1,1109.6,,13020,255,1131.0,1144.0,1090.0
2024-08-18,-44.8,-3.77,1145.1,,13029,285,1189.9,1189.9,1145.0
2024-08-15,-35.1,-2.87,1189.9,,15602,346,1220.0,1220.0,1185.0
2024-08-14,-44.0,-3.47,1225.0,54.66,4480,167,1243.7,1243.7,1201.0
2024-08-13,19.0,1.52,1269.0,,21374,373,1225.0,1345.0,1188.0
2024-08-12,-20.0,-1.57,1250.0,,14944,279,1244.6,1319.0,1230.0
2024-08-11,39.8,3.24,1270.0,,14328,311,1250.0,1324.0,1231.0
2024-08-08,-63.8,-4.93,1230.2,,10751,182,1295.0,1295.0,1221.0
2024-08-07,94.0,7.83,1294.0,,15271,319,1176.0,1294.0,1151.5
2024-08-06,7.0,0.59,1200.0,,15826,341,1170.0,1200.0,1098.6
2024-08-05,-31.0,-2.53,1193.0,,18032,320,1224.0,1224.0,1167.1
2024-08-01,-26.0,-2.08,1224.0,,16822,303,1275.0,1300.0,1219.0
2024-07-31,-34.0,-2.65,1250.0,,12988,250,1270.0,1280.0,1245.0
2024-07-30,37.0,2.97,1284.0,,19338,351,1222.1,1309.6,1210.3
2024-07-29,-113.6,-8.35,1247.0,,23308,443,1333.4,1333.5,1239.7
2024-07-28,-29.4,-2.12,1360.6,,15097,280,1362.2,1468.0,1310.0
2024-07-25,-52.0,-3.61,1390.0,,26159,461,1413.2,1413.2,1304.4
2024-07-24,121.1,9.17,1442.0,,21169,424,1305.0,1442.0,1295.0
2024-07-23,-44.1,-3.23,1320.9,,21663,385,1392.0,1440.0,1301.4
2024-07-22,-31.0,-2.22,1365.0,,16122,254,1370.0,1370.2,1330.0
2024-07-21,-4.0,-0.29,1396.0,,15203,274,1372.0,1479.0,1321.0
2024-07-18,-15.0,-1.06,1400.0,,29077,380,1386.7,1491.0,1308.0
2024-07-17,126.0,9.78,1415.0,,27969,333,1263.3,1417.9,1240.0
2024-07-16,59.0,4.8,1289.0,,23615,369,1215.0,1320.0,1210.0
2024-07-15,-15.0,-1.2,1230.0,,20085,283,1269.9,1269.9,1201.0
2024-07-14,52.5,4.4,1245.0,,20008,262,1216.0,1260.0,1196.5
2024-07-11,-23.5,-1.93,1192.5,,17703,229,1235.0,1235.0,1190.0
2024-07-10,-40.0,-3.18,1216.0,,17816,288,1281.1,1281.1,1208.0
2024-07-09,32.0,2.61,1256.0,,18842,302,1199.6,1271.0,1199.6
2024-07-08,18.0,1.49,1224.0,,19917,352,1181.9,1256.0,1181.9
2024-07-07,5.0,0.42,1206.0,,26472,392,1177.0,1295.0,1177.0
2024-07-04,82.0,7.33,1201.0,,23184,363,1100.0,1229.0,1096.7
2024-07-03,19.1,1.74,1119.0,,18672,268,1100.0,1120.0,1081.0
2024-07-02,39.9,3.76,1099.9,,27455,250,1081.2,1166.0,1056.0
2024-07-01,10.0,0.95,1060.0,79.33,7539,104,1070.0,1070.0,1040.1
2024-06-30,-7.9,-0.75,1050.0,,10882,155,1045.0,1055.0,1026.0
2024-06-27,-22.1,-2.05,1057.9,,13028,158,1085.0,1085.0,1050.0
2024-06-26,31.5,3.0,1080.0,,42048,514,1069.4,1094.3,1060.0
2024-06-25,32.5,3.2,1048.5,,28885,352,1020.0,1050.0,1020.0
2024-06-24,61.0,6.39,1016.0,,23312,350,955.0,1020.0,955.0
2024-06-23,-15.0,-1.55,955.0,74.47,7738,119,989.0,989.0,951.0
2024-06-20,-5.0,-0.51,970.0,42.94,4418,83,971.0,980.0,964.0
2024-06-19,-11.0,-1.12,975.0,46.7,4784,96,967.0,1005.6,967.0
2024-06-18,-14.0,-1.4,986.0,57.23,5844,97,983.1,998.0,970.0
2024-06-16,-22.0,-2.15,1000.0,57.48,5756,102,1004.0,1015.0,995.0
2024-06-13,-8.0,-0.78,1022.0,90.5,8814,140,1043.0,1043.0,1011.0
2024-06-12,15.0,1.48,1030.0,,13866,206,1027.9,1035.0,999.1
2024-06-11,23.0,2.32,1015.0,,9997,167,1011.8,1020.0,976.0
2024-06-10,18.0,1.85,992.0,,13203,169,961.0,993.4,938.0
2024-06-09,-36.0,-3.56,974.0,,12926,161,1011.0,1028.0,965.0
2024-06-06,20.0,2.02,1010.0,,22232,340,1009.8,1028.0,999.0
2024-06-05,30.0,3.12,990.0,,32007,332,975.0,1022.0,961.0
2024-06-04,17.0,1.8,960.0,,20895,283,955.0,1007.7,938.0
2024-06-03,26.0,2.84,943.0,86.4,9296,129,906.1,950.0,906.0
2024-06-02,6.0,0.66,917.0,44.03,4824,96,911.0,947.5,894.1
2024-05-30,-15.0,-1.62,911.0,70.97,7719,91,911.2,948.5,911.0
2024-05-29,-10.0,-1.07,926.0,95.14,10140,105,949.9,960.0,920.0
2024-05-27,20.5,2.24,936.0,83.65,8904,114,897.2,951.0,880.0
2024-05-26,-14.5,-1.56,915.5,96.3,10378,131,914.0,939.0,914.0
2024-05-22,-16.0,-1.69,930.0,77.3,8162,163,959.9,960.0,930.0
2024-05-21,41.0,4.53,946.0,,25058,259,886.9,960.0,886.9
2024-05-20,-30.6,-3.27,905.0,,12686,195,954.0,954.0,901.2
2024-05-19,-9.4,-0.99,935.6,,17960,204,963.9,963.9,926.2
2024-05-16,45.0,5.0,945.0,,37972,370,882.1,955.0,866.0
2024-05-15,25.9,2.96,900.0,,26123,215,879.0,900.0,860.1
2024-05-14,8.1,0.94,874.1,,19823,244,849.1,895.0,826.0
2024-05-13,-30.0,-3.35,866.0,,47974,458,878.1,944.4,845.0
2024-05-12,-20.6,-2.25,896.0,,21320,241,898.3,933.0,862.8
2024-05-09,13.9,1.54,916.6,,14299,177,890.0,919.9,873.9
2024-05-08,35.7,4.12,902.7,,21090,203,883.0,902.7,851.0
2024-05-07,53.5,6.58,867.0,,12850,169,829.7,867.0,815.0
2024-05-06,-6.5,-0.79,813.5,88.48,10816,142,803.8,825.0,803.8
2024-05-05,-17.0,-2.03,820.0,,26761,230,821.0,874.0,804.6
2024-05-02,37.0,4.62,837.0,,13546,179,800.0,848.0,787.0
2024-04-30,32.8,4.28,800.0,67.36,8514,124,770.0,802.0,766.0
2024-04-29,-6.8,-0.88,767.2,50.86,6577,66,770.0,780.0,767.1
2024-04-28,19.0,2.52,774.0,37.07,4863,80,742.1,774.0,742.1
2024-04-25,-1.0,-0.13,755.0,18.29,2440,44,746.0,760.0,746.0
2024-04-24,-0.7,-0.09,756.0,19.78,2625,47,757.0,760.0,747.0
2024-04-22,-12.2,-1.59,756.7,8.43,1107,36,768.0,770.0,756.0
2024-04-21,23.8,3.19,768.9,15.36,2058,40,745.0,768.9,730.4
2024-04-18,-16.9,-2.22,745.1,51.08,6812,55,746.0,760.0,745.1
2024-04-16,-8.0,-1.04,762.0,32.9,4314,52,757.0,774.9,757.0
2024-04-15,-15.0,-1.91,770.0,42.29,5388,92,800.0,800.7,770.0
2024-04-14,22.0,2.88,785.0,,15436,122,776.9,800.0,747.8
2024-04-10,-24.0,-3.05,763.0,24.41,3204,57,776.0,776.0,757.1
2024-04-09,6.0,0.77,787.0,30.77,3912,87,790.1,818.9,769.1
2024-04-07,-3.0,-0.38,781.0,65.02,8197,118,781.0,831.1,770.0
2024-04-04,25.0,3.29,784.0,,14758,229,759.0,802.0,748.0
2024-04-03,20.0,2.71,759.0,96.5,12646,192,739.0,775.2,739.0
2024-04-02,24.0,3.36,739.0,82.3,11154,145,701.0,751.0,701.0
2024-04-01,24.1,3.49,715.0,36.81,5198,100,699.0,715.0,692.0
2024-03-31,-31.0,-4.29,690.9,30.11,4250,83,730.0,744.0,690.9
2024-03-28,1.9,0.26,721.9,50.62,7137,70,708.1,722.0,703.0
2024-03-27,-19.5,-2.64,720.0,23.46,3266,63,740.0,740.0,712.0
2024-03-26,23.0,3.21,739.5,59.42,8187,140,708.0,764.9,708.0
2024-03-25,-30.5,-4.08,716.5,40.92,5710,85,745.0,747.0,707.0
2024-03-21,-18.0,-2.35,747.0,29.39,3915,88,765.0,778.0,715.5
2024-03-20,53.0,7.44,765.0,,18807,326,724.0,783.2,724.0
2024-03-19,37.0,5.48,712.0,75.84,10681,233,688.5,724.0,688.5
2024-03-18,-2.1,-0.31,675.0,28.39,4208,63,670.0,683.0,670.0
2024-03-17,-11.4,-1.66,677.1,38.61,5640,100,675.0,690.1,675.0
2024-03-14,-1.5,-0.22,688.5,53.95,7938,95,679.0,693.7,657.0
2024-03-13,10.0,1.47,690.0,33.45,4900,99,671.0,693.0,655.0
2024-03-12,40.0,6.25,680.0,63.48,9573,183,630.0,683.0,628.1
2024-03-10,28.0,4.58,640.0,42.27,6603,104,606.1,650.9,606.1
2024-03-07,2.5,0.41,612.0,2.7,443,21,620.0,620.0,605.0
2024-03-06,1.5,0.25,609.5,8.28,1356,29,610.0,619.0,607.0
2024-03-05,8.0,1.33,608.0,14.67,2391,52,612.0,636.0,605.1
2024-03-03,-2.5,-0.41,600.0,4.98,842,32,614.5,614.5,585.0
2024-02-29,-7.5,-1.23,602.5,6.16,1019,31,600.1,613.0,600.1
2024-02-28,5.0,0.83,610.0,7.5,1230,21,617.1,617.1,605.0
2024-02-27,0.0,0.0,605.0,3.1,512,18,605.0,610.1,597.0
2024-02-26,-2.0,-0.33,605.0,9.74,1618,22,607.0,610.0,600.0
2024-02-25,-9.5,-1.54,607.0,11.36,1868,52,616.5,616.5,601.0
2024-02-22,-0.7,-0.11,616.5,19.26,3114,61,618.0,622.0,616.5
2024-02-21,-0.8,-0.13,617.2,10.09,1633,38,614.2,622.0,614.0
2024-02-20,-0.9,-0.15,618.0,7.99,1293,46,613.0,625.0,613.0
2024-02-18,-7.6,-1.21,618.9,10.64,1718,43,626.0,628.0,616.2
2024-02-15,5.5,0.89,626.5,11.1,1778,32,611.0,629.8,611.0
2024-02-14,11.0,1.8,621.0,12.52,2017,43,622.2,626.0,612.0
2024-02-13,-16.0,-2.56,610.0,16.52,2681,50,620.0,632.0,610.0
2024-02-12,0.3,0.05,626.0,23.52,3717,56,618.0,640.0,618.0
2024-02-11,-1.3,-0.21,625.7,10.13,1617,42,621.3,635.0,621.3
2024-02-07,5.1,0.82,625.1,26.33,4179,93,620.0,640.0,618.0
2024-02-06,0.2,0.03,620.0,11.37,1846,36,619.0,621.0,607.7
2024-02-05,19.8,3.3,619.8,16.67,2753,75,600.0,619.8,595.0
2024-02-04,6.0,1.01,600.0,15.11,2516,52,599.0,604.0,590.1
2024-02-01,-11.2,-1.85,594.0,24.36,4064,73,595.1,605.0,593.1
2024-01-31,-9.7,-1.58,605.2,13.23,2167,46,620.0,624.9,605.1
2024-01-30,-5.1,-0.82,614.9,4.35,706,34,631.9,631.9,613.1
2024-01-29,-10.0,-1.59,620.0,7.91,1260,30,625.5,638.0,617.5
2024-01-28,23.0,3.79,630.0,14.56,2351,52,610.0,634.5,603.0
2024-01-25,9.9,1.66,607.0,13.11,2157,64,600.0,656.0,600.0
2024-01-24,-8.9,-1.47,597.1,9.08,1506,38,595.1,609.0,595.1
2024-01-23,-11.0,-1.78,606.0,5.96,982,34,606.0,618.0,605.7
2024-01-22,3.5,0.57,617.0,38.75,6321,98,613.5,623.0,598.6
2024-01-21,-6.5,-1.05,613.5,13.45,2160,69,620.0,636.0,608.2
2024-01-18,7.0,1.14,620.0,53.53,8564,85,602.3,638.0,602.2
2024-01-17,-6.0,-0.97,613.0,42.13,6662,132,611.0,655.0,611.0
2024-01-16,18.0,3.0,619.0,28.89,4702,93,608.0,620.0,608.0
2024-01-14,7.0,1.18,601.0,12.23,2009,58,600.0,628.7,600.0
2024-01-11,-1.3,-0.22,594.0,10.63,1809,42,585.1,600.0,585.0
2024-01-10,13.3,2.29,595.3,26.3,4367,91,593.6,612.0,583.1
2024-01-09,6.0,1.04,582.0,13.73,2358,50,587.0,597.9,573.1
2024-01-08,6.0,1.05,576.0,4.03,705,43,565.1,576.0,565.1
2024-01-07,-0.2,-0.04,570.0,5.79,1028,34,559.0,570.0,559.0
2024-01-04,5.2,0.92,570.2,18.89,3281,53,557.0,585.0,556.0
2024-01-03,4.0,0.71,565.0,5.86,1046,38,551.0,568.0,550.1
2024-01-02,-12.2,-2.13,561.0,7.77,1375,42,573.2,584.6,554.0
2024-01-01,-6.8,-1.17,573.2,12.96,2209,51,572.0,595.0,572.0
2023-12-28,10.0,1.75,580.0,6.47,1130,37,558.6,581.4,558.6
2023-12-27,-18.0,-3.06,570.0,18.18,3169,66,580.1,582.0,566.3
2023-12-24,-10.0,-1.67,588.0,17.48,2980,68,589.0,600.5,580.0
2023-12-21,-19.0,-3.08,598.0,19.34,3257,78,615.0,615.0,582.0
2023-12-20,1.0,0.16,617.0,10.26,1692,63,621.0,621.0,596.0
2023-12-19,12.1,2.0,616.0,28.54,4653,67,601.0,640.0,596.0
2023-12-18,44.9,8.03,603.9,30.87,5279,123,570.0,604.0,551.3
2023-12-17,15.0,2.76,559.0,5.63,1021,38,534.0,560.0,534.0
2023-12-14,-1.0,-0.18,544.0,5.48,1000,24,555.0,563.8,540.1
2023-12-13,-20.0,-3.54,545.0,11.47,2028,35,575.0,575.9,544.0
2023-12-12,26.3,4.88,565.0,9.12,1677,49,538.7,565.0,529.0
2023-12-11,28.7,5.63,538.7,21.94,4183,72,520.2,540.6,519.9
2023-12-07,4.0,0.79,510.0,2.65,525,26,500.1,510.0,500.1
2023-12-06,-4.0,-0.78,506.0,2.33,461,14,501.0,514.0,501.0
2023-12-05,-6.0,-1.16,510.0,1.52,296,15,516.0,526.3,508.1
2023-12-04,8.0,1.57,516.0,1.93,378,22,508.0,518.0,508.0
2023-12-03,-13.0,-2.5,508.0,3.69,721,22,520.0,521.0,508.0
2023-11-30,0.0,0.0,521.0,2.91,564,25,515.1,521.0,515.0
2023-11-29,0.7,0.13,521.0,,147,10,520.0,525.0,520.0
2023-11-28,-22.7,-4.18,520.3,4.89,940,26,533.0,542.0,515.0
2023-11-27,8.0,1.5,543.0,1.16,218,15,544.0,544.0,524.0
2023-11-26,-4.0,-0.74,535.0,2.88,537,22,528.5,545.0,528.5
2023-11-23,-2.0,-0.37,539.0,1.52,291,14,540.0,540.0,520.0
2023-11-22,21.0,4.04,541.0,3.3,632,20,515.0,541.0,515.0
2023-11-21,-5.0,-0.95,520.0,3.52,689,22,525.0,525.0,505.0
2023-11-20,-5.0,-0.94,525.0,1.52,292,22,520.0,525.0,519.4
2023-11-09,10.0,1.92,530.0,,138,9,510.5,530.4,510.5
2023-11-08,0.0,0.0,520.0,2.03,392,14,520.0,520.0,513.0
2023-11-07,0.0,0.0,520.0,1.09,209,13,522.0,525.0,520.0
2023-11-06,9.0,1.76,520.0,2.16,426,17,510.0,520.0,502.2
2023-11-05,-13.0,-2.48,511.0,3.7,722,22,513.6,516.0,511.0
2023-11-02,-1.0,-0.19,524.0,2.18,419,20,525.0,525.0,520.0
2023-11-01,-5.0,-0.94,525.0,7.23,1375,31,535.0,535.0,520.0
2023-10-31,-15.0,-2.75,530.0,3.41,648,27,534.2,534.2,523.5
2023-10-30,-8.0,-1.45,545.0,2.92,542,27,542.0,545.0,532.0
2023-10-29,-2.0,-0.36,553.0,,125,10,555.0,555.0,544.0
2023-10-19,10.0,1.83,555.0,2.62,476,17,553.0,555.0,545.0
2023-10-18,10.0,1.87,545.0,1.99,362,18,545.0,555.0,544.0
2023-10-17,5.0,0.94,535.0,1.71,322,18,523.0,551.4,523.0
2023-10-16,-9.0,-1.67,530.0,2.48,471,31,529.0,535.0,520.1
2023-10-12,3.0,0.56,539.0,8.15,1544,43,530.0,539.0,525.0
2023-10-11,1.0,0.19,536.0,2.38,447,16,545.0,545.0,527.1
2023-10-10,-15.0,-2.73,535.0,4.83,906,28,541.0,541.0,531.0
2023-10-09,4.1,0.75,550.0,1.1,202,12,540.0,555.9,537.2
2023-10-08,-4.1,-0.75,545.9,2.12,391,23,550.0,550.0,540.0
2023-10-05,-15.0,-2.65,550.0,2.52,455,21,555.2,571.2,550.0
2023-10-04,12.0,2.17,565.0,4.43,784,29,564.0,570.0,555.0
2023-10-03,-11.0,-1.95,553.0,2.82,509,17,560.0,569.9,553.0
2023-10-02,14.0,2.55,564.0,3.07,551,26,561.0,564.0,550.0
2023-10-01,-12.0,-2.14,550.0,4.84,887,34,550.8,572.9,540.1
2023-09-27,-3.0,-0.53,562.0,8.09,1422,42,554.0,583.0,554.0
2023-09-26,13.0,2.36,565.0,8.06,1438,39,563.0,566.0,552.0
2023-09-25,-13.0,-2.3,552.0,4.55,828,33,554.0,564.7,543.0
2023-09-24,6.0,1.07,565.0,6.48,1159,40,559.0,567.0,551.0
2023-09-21,19.0,3.52,559.0,6.23,1121,37,532.0,562.0,532.0
2023-09-19,0.0,0.0,540.0,2.8,523,20,535.0,540.0,534.5
2023-09-18,5.9,1.1,540.0,3.79,708,28,532.1,544.6,532.0
2023-09-17,-13.9,-2.54,534.1,3.74,686,24,548.0,549.9,530.0
2023-09-13,16.0,3.01,548.0,3.57,661,28,540.0,548.0,535.0
2023-09-12,-4.0,-0.75,532.0,2.23,419,24,536.0,540.0,528.1
2023-09-11,4.0,0.75,536.0,2.36,443,22,530.0,538.0,530.0
2023-09-10,-3.0,-0.56,532.0,1.81,343,17,530.0,535.0,529.0
2023-09-07,1.9,0.36,535.0,8.6,1601,26,543.7,552.0,535.0
2023-09-05,-6.9,-1.28,533.1,2.39,447,25,540.0,540.0,532.1
2023-09-04,-0.2,-0.04,540.0,3.6,668,31,551.0,551.0,536.1
2023-09-03,-14.8,-2.67,540.2,3.35,615,22,544.0,552.0,534.0
2023-08-30,8.0,1.46,555.0,7.43,1362,28,557.0,557.0,544.1
2023-08-29,-8.0,-1.44,547.0,2.37,431,22,546.0,559.0,546.0
2023-08-28,3.0,0.54,555.0,1.69,309,18,542.0,555.0,542.0
2023-08-27,-11.0,-1.95,552.0,4.73,856,31,553.0,558.0,550.0
2023-08-24,-12.0,-2.09,563.0,6.36,1128,36,567.0,572.0,560.0
2023-08-23,4.0,0.7,575.0,2.62,456,20,582.0,582.0,572.0
2023-08-22,1.0,0.18,571.0,4.95,868,24,581.4,581.4,560.0
2023-08-21,-4.0,-0.7,570.0,2.85,499,18,585.4,585.4,568.4
2023-08-20,0.0,0.0,574.0,3.84,673,25,584.0,584.0,562.6
2023-08-17,5.0,0.88,574.0,2.27,397,28,580.0,580.0,569.0
2023-08-16,-16.0,-2.74,569.0,9.34,1632,35,580.0,585.0,569.0
2023-08-15,-13.2,-2.21,585.0,6.19,1056,37,589.0,595.0,580.0
2023-08-14,-15.8,-2.57,598.2,18.31,3049,61,610.0,610.0,598.1
2023-08-13,6.9,1.14,614.0,3.68,607,39,607.0,615.0,601.0
2023-08-10,-3.9,-0.64,607.1,3.11,509,21,623.0,623.0,601.0
2023-08-09,10.2,1.7,611.0,5.89,982,39,600.8,611.0,588.8
2023-08-08,-21.1,-3.39,600.8,5.48,902,35,610.0,613.0,600.8
2023-08-07,1.9,0.31,621.9,2.96,480,25,620.0,625.0,610.0
2023-08-06,-14.0,-2.21,620.0,4.43,707,41,646.0,646.6,604.2
2023-08-03,10.0,1.6,634.0,2.98,476,27,636.0,644.0,620.0
2023-08-02,5.0,0.81,624.0,2.97,485,25,631.0,631.0,596.1
2023-08-01,-5.5,-0.88,619.0,9.23,1495,37,636.9,636.9,607.6
2023-07-31,-12.5,-1.96,624.5,4.73,747,27,624.3,641.0,624.3
2023-07-30,-7.0,-1.09,637.0,13.42,2122,45,644.0,653.0,620.4
2023-07-27,-18.0,-2.72,644.0,10.85,1679,39,650.0,660.0,640.1
2023-07-26,-5.0,-0.75,662.0,12.9,1930,48,666.0,680.0,655.0
2023-07-25,-5.9,-0.88,667.0,5.17,782,26,686.0,686.0,656.0
2023-07-24,-2.1,-0.31,672.9,25.53,3773,89,679.9,693.0,665.0
2023-07-23,5.0,0.75,675.0,10.5,1570,58,683.4,683.4,658.0
2023-07-20,2.9,0.43,670.0,9.44,1425,40,679.9,679.9,653.8
2023-07-19,-6.9,-1.02,667.1,4.89,726,43,687.0,687.0,667.1
2023-07-18,0.1,0.01,674.0,13.4,1967,58,661.0,695.0,661.0
2023-07-17,26.9,4.16,673.9,16.42,2473,66,647.0,676.0,647.0
2023-07-16,-3.0,-0.46,647.0,3.77,588,31,641.0,656.0,638.5
2023-07-13,-4.5,-0.69,650.0,22.42,3376,71,667.3,680.0,650.0
2023-07-12,17.1,2.68,654.5,15.48,2397,51,640.0,655.0,630.1
2023-07-11,0.4,0.06,637.4,12.4,1982,47,640.0,640.0,617.5
2023-07-10,12.0,1.92,637.0,10.98,1721,46,630.0,645.0,630.0
2023-07-09,7.0,1.13,625.0,13.22,2119,59,630.3,642.5,617.4
2023-07-06,-9.1,-1.45,618.0,8.45,1363,54,630.0,634.0,615.0
2023-07-05,-8.9,-1.4,627.1,15.14,2362,45,636.0,658.0,627.1
2023-07-04,-4.0,-0.62,636.0,11.81,1843,59,640.0,650.0,636.0
2023-07-03,-13.0,-1.99,640.0,10.6,1645,65,640.0,660.0,640.0
2023-07-02,-38.0,-5.5,653.0,34.05,5194,114,699.0,699.0,648.0
2023-06-28,-11.3,-1.61,691.0,34.47,5031,99,716.3,716.3,675.0
2023-06-27,63.8,9.99,702.3,89.23,12853,207,651.1,702.3,640.0
2023-06-26,23.5,3.82,638.5,30.71,4860,97,627.0,638.5,618.0
2023-06-25,21.0,3.54,615.0,17.77,2930,84,594.0,615.0,594.0
2023-06-22,3.9,0.66,594.0,6.23,1040,33,590.0,607.0,590.0
2023-06-21,-22.4,-3.66,590.1,25.91,4349,69,601.0,607.0,590.0
2023-06-20,-17.5,-2.78,612.5,18.17,2923,64,628.0,630.0,612.5
2023-06-19,6.0,0.96,630.0,16.62,2640,52,616.1,640.0,616.1
2023-06-18,10.0,1.63,624.0,24.88,4011,58,620.0,626.1,615.0
2023-06-15,-8.0,-1.29,614.0,6.02,986,19,630.0,630.0,610.0
2023-06-14,16.5,2.73,622.0,22.28,3566,72,610.0,634.0,610.0
2023-06-13,12.5,2.11,605.5,42.92,7089,105,582.4,616.0,582.4
2023-06-12,5.1,0.87,593.0,8.31,1407,49,588.0,595.0,588.0
2023-06-11,7.9,1.36,587.9,7.72,1317,35,588.0,589.0,583.0
2023-06-08,-0.1,-0.02,580.0,9.84,1721,21,572.0,581.6,570.0
2023-06-07,-0.9,-0.15,580.1,10.77,1819,23,592.6,602.0,579.0
2023-06-06,-2.0,-0.34,581.0,11.57,2001,32,573.0,581.0,573.0
2023-06-05,1.0,0.17,583.0,5.08,872,37,580.1,591.0,571.5
2023-06-04,21.0,3.74,582.0,22.5,3884,38,572.2,582.0,570.2
2023-06-01,5.0,0.9,561.0,2.93,521,17,545.1,566.0,545.0
2023-05-31,-19.0,-3.3,556.0,16.38,2967,69,570.0,570.0,544.1
2023-05-30,-30.1,-4.97,575.0,7.69,1342,41,595.0,605.0,560.2
2023-05-28,1.3,0.22,605.1,26.9,4384,63,614.9,624.0,605.1
2023-05-24,33.8,5.93,603.8,14.48,2432,66,579.0,603.8,579.0
2023-05-23,10.0,1.79,570.0,20.16,3547,45,568.0,575.0,562.3
2023-05-22,13.0,2.38,560.0,10.31,1872,20,540.0,560.0,540.0
2023-05-21,7.0,1.3,547.0,4.06,740,36,545.0,566.1,537.0
2023-05-18,4.0,0.75,540.0,4.25,780,26,536.0,554.0,536.0
2023-05-17,0.0,0.0,536.0,6.54,1200,38,536.0,557.0,535.0
2023-05-16,1.0,0.19,536.0,,72,7,531.0,536.0,531.0
2023-05-15,0.5,0.09,535.0,4.02,756,32,540.0,542.0,530.0
2023-05-14,-14.5,-2.64,534.5,2.85,531,19,540.0,541.0,531.0
2023-05-11,2.5,0.46,549.0,,163,10,550.0,550.0,548.0
2023-05-10,-8.6,-1.55,546.5,1.06,192,5,566.2,566.2,546.5
2023-05-09,3.1,0.56,555.1,1.13,202,15,563.0,565.0,550.0
2023-05-08,2.0,0.36,552.0,1.62,295,13,555.0,555.5,550.0
2023-05-07,-30.0,-5.17,550.0,2.27,397,26,580.0,580.0,550.0
2023-05-04,18.0,3.2,580.0,2.97,524,25,562.0,584.4,558.2
2023-05-03,0.0,0.0,562.0,,141,10,569.0,569.0,559.0
2023-05-02,-1.0,-0.18,562.0,1.66,295,19,563.0,574.2,562.0
2023-04-30,-8.0,-1.4,563.0,,105,10,560.1,563.0,560.1
2023-04-27,-0.2,-0.04,571.0,,141,12,562.0,571.0,562.0
2023-04-26,0.2,0.04,571.2,,99,8,565.0,579.3,565.0
2023-04-25,-4.0,-0.7,571.0,,152,15,575.0,586.0,570.0
2023-04-24,-0.8,-0.14,575.0,,171,41,575.8,583.7,555.2
2023-04-23,-11.7,-1.99,575.8,1.42,246,17,587.5,587.5,575.8
2023-04-20,2.5,0.43,587.5,3.35,563,20,585.0,600.0,585.0
2023-04-19,0.0,0.0,585.0,,127,8,581.0,592.0,581.0
2023-04-18,-3.0,-0.51,585.0,2.19,376,14,595.0,595.0,584.0
2023-04-17,-1.0,-0.17,588.0,7.21,1229,24,580.0,600.7,580.0
2023-04-16,-13.7,-2.27,589.0,1.85,313,18,600.0,600.0,582.0
2023-04-13,-2.3,-0.38,602.7,9.22,1522,39,615.0,615.0,602.7
2023-04-12,30.0,5.22,605.0,6.68,1126,35,586.5,609.0,586.5
2023-04-11,-5.0,-0.86,575.0,3.76,651,23,580.0,590.0,574.4
2023-04-10,5.0,0.87,580.0,10.71,1884,37,565.0,584.9,564.1
2023-04-09,-5.0,-0.86,575.0,2.69,464,31,590.0,592.0,575.0
2023-04-06,5.0,0.87,580.0,1.44,248,21,575.0,586.5,575.0
2023-04-05,5.0,0.88,575.0,3.88,675,21,570.0,582.0,570.0
2023-04-04,0.0,0.0,570.0,1.12,197,12,580.5,581.0,570.0
2023-04-03,-10.0,-1.72,570.0,2.64,463,25,590.0,590.0,567.0
2023-04-02,5.0,0.87,580.0,1.66,288,16,575.0,586.5,571.0
2023-03-30,-5.0,-0.86,575.0,4.34,750,31,575.0,586.0,575.0
2023-03-29,-18.0,-3.01,580.0,4.98,846,36,590.0,600.0,580.0
2023-03-28,33.1,5.86,598.0,10.8,1830,55,564.0,604.0,564.0
2023-03-27,-5.1,-0.89,564.9,4.16,748,25,558.6,564.9,547.5
2023-03-26,-7.0,-1.21,570.0,10.93,1966,70,577.0,577.0,550.0
2023-03-23,-1.0,-0.17,577.0,2.92,511,13,577.0,577.0,570.0
2023-03-22,-9.8,-1.67,578.0,3.75,643,20,587.5,587.5,577.1
2023-03-20,2.8,0.48,587.8,7.41,1279,43,575.0,589.0,572.0
2023-03-19,-6.6,-1.12,585.0,7.06,1219,55,580.0,585.0,575.0
2023-03-16,-5.1,-0.85,591.6,15.24,2612,56,588.0,599.0,580.0
2023-03-15,-13.3,-2.18,596.7,12.65,2156,55,610.0,610.0,580.0
2023-03-14,13.0,2.18,610.0,5.13,839,34,592.0,623.0,592.0
2023-03-13,-23.1,-3.73,597.0,12.75,2110,49,615.0,615.0,593.0
2023-03-12,-14.9,-2.35,620.1,14.32,2283,64,636.0,644.0,619.6
2023-03-09,4.9,0.78,635.0,27.67,4436,97,620.0,635.0,614.1
2023-03-07,-7.9,-1.24,630.1,4.97,789,34,635.0,658.5,615.0
2023-03-05,-3.0,-0.47,638.0,4.85,759,33,640.0,649.7,630.0
2023-03-02,-22.5,-3.39,641.0,3.85,593,32,651.0,663.0,641.0
2023-03-01,-8.5,-1.26,663.5,6.75,1023,32,685.0,685.0,652.0
2023-02-28,-8.0,-1.18,672.0,7.22,1076,25,675.1,685.0,669.0
2023-02-27,-18.0,-2.58,680.0,10.31,1492,48,711.0,719.9,680.0
2023-02-26,45.3,6.94,698.0,22.85,3524,102,650.0,702.0,600.0
2023-02-23,-72.5,-10.0,652.7,30.25,4553,158,711.0,711.0,652.7
2023-02-22,-19.8,-2.66,725.2,8.88,1220,61,745.0,745.0,722.0
2023-02-20,-20.0,-2.61,745.0,5.04,672,37,755.0,755.0,744.5
2023-02-16,-11.0,-1.42,765.0,5.82,761,31,775.0,777.0,760.0
2023-02-15,-2.2,-0.28,776.0,10.13,1314,37,778.1,783.0,765.0
2023-02-14,-15.8,-1.99,778.2,6.4,820,33,778.4,795.0,778.2
2023-02-12,-11.0,-1.37,794.0,8.43,1070,39,804.0,804.0,780.0
2023-02-09,-5.0,-0.62,805.0,5.48,680,30,810.0,826.0,794.1
2023-02-08,0.0,0.0,810.0,5.03,617,29,826.0,830.0,809.0
2023-02-07,18.0,2.27,810.0,7.78,966,42,790.0,815.0,790.0
2023-02-06,12.0,1.54,792.0,4.39,558,31,781.0,795.0,777.1
2023-02-05,10.0,1.3,780.0,6.43,825,38,770.0,790.0,760.0
2023-02-02,-30.0,-3.75,770.0,12.6,1617,44,800.0,801.9,770.0
2023-02-01,0.0,0.0,800.0,8.76,1101,38,785.0,805.0,780.0
2023-01-31,-14.0,-1.72,800.0,4.98,617,30,797.8,822.0,785.0
2023-01-30,-19.0,-2.28,814.0,5.54,677,35,816.5,830.0,814.0
2023-01-29,-8.0,-0.95,833.0,9.43,1126,47,854.0,854.0,824.2
2023-01-26,0.0,-0.83,841.0,,430,0,850.1,864.0,841.0
2023-01-25,0.0,2.05,848.0,,620,0,847.6,852.7,820.0
2023-01-24,0.0,-1.66,831.0,,1127,0,860.0,861.9,800.0
2023-01-23,0.0,-0.94,845.0,,905,0,853.0,868.0,837.0
2023-01-19,0.0,0.35,853.0,,2066,0,850.0,869.0,840.0
2023-01-18,0.0,-1.96,850.0,,1435,0,860.0,875.0,846.1
2023-01-17,0.0,5.22,867.0,,1714,0,830.0,867.0,830.0
2023-01-12,0.0,-5.29,824.0,,2147,0,854.0,870.0,824.0
2023-01-10,0.0,-2.33,870.0,,4876,0,889.0,906.7,870.0
2023-01-09,0.0,0.43,890.8,,2271,0,900.0,900.0,875.0
2023-01-08,0.0,1.03,887.0,,2453,0,861.0,899.0,861.0
2023-01-05,0.0,-0.23,878.0,,2718,0,890.0,900.0,863.0
2023-01-04,0.0,9.73,880.0,,3921,0,803.0,882.2,803.0
2023-01-03,0.0,0.88,802.0,,2178,0,788.0,820.0,788.0
2023-01-02,0.0,4.61,795.0,,1171,0,746.0,830.0,746.0
2023-01-01,0.0,2.7,760.0,,2113,0,750.0,775.0,750.0
2022-12-29,0.0,1.09,740.0,,1142,0,735.1,750.0,730.0
2022-12-28,0.0,-1.08,732.0,,897,0,754.0,754.0,725.2
2022-12-27,0.0,1.93,740.0,,1539,0,740.0,754.0,712.0
2022-12-26,0.0,3.42,726.0,,2196,0,715.5,726.0,702.0
2022-12-22,0.0,0.14,702.0,,554,0,701.0,702.0,692.0
2022-12-21,0.0,0.72,701.0,,406,0,696.0,720.0,696.0
2022-12-20,0.0,-0.57,696.0,,315,0,700.0,708.0,695.0
2022-12-19,0.0,1.74,700.0,,143,0,675.0,700.0,675.0
2022-12-18,0.0,-1.92,688.0,,1091,0,701.5,701.5,687.5
2022-12-15,0.0,-1.2,701.5,,285,0,724.0,724.0,696.0
2022-12-14,0.0,0.13,710.0,,177,0,710.0,721.0,709.0
2022-12-13,0.0,0.01,709.1,,506,0,723.0,725.0,709.0
2022-12-12,0.0,1.14,709.0,,225,0,691.0,710.0,691.0
2022-12-11,0.0,-1.96,701.0,,473,0,701.0,713.9,700.9
2022-12-07,0.0,-0.69,715.0,,189,0,709.0,715.0,709.0
2022-12-06,0.0,1.27,720.0,,247,0,711.0,722.0,700.1
2022-12-05,0.0,-1.39,711.0,,315,0,711.0,720.0,710.0
2022-12-04,0.0,-0.55,721.0,,395,0,713.0,727.9,713.0
2022-12-01,0.0,1.83,725.0,,760,0,720.0,725.0,715.0
2022-11-30,0.0,-1.93,712.0,,149,0,726.0,726.0,712.0
2022-11-29,0.0,-0.12,726.0,,1093,0,716.1,728.0,715.0
2022-11-28,0.0,-0.01,726.9,,548,0,740.0,740.0,715.0
2022-11-27,0.0,4.6,727.0,,1406,0,708.0,729.0,706.1
2022-11-24,0.0,-1.42,695.0,,625,0,695.0,725.0,695.0
2022-11-23,0.0,0.0,705.0,,190,0,705.0,705.0,692.1
2022-11-22,0.0,-0.7,705.0,,656,0,710.0,720.0,705.0
2022-11-17,0.0,0.57,710.0,,1199,0,720.0,734.5,707.0
2022-11-16,0.0,1.28,706.0,,133,0,697.1,711.0,697.0
2022-11-15,0.0,0.3,697.1,,264,0,708.9,708.9,696.0
2022-11-14,0.0,-0.44,695.0,,580,0,710.0,710.0,690.0
2022-11-13,0.0,-0.29,698.1,,231,0,710.0,710.0,697.4
2022-11-10,0.0,-1.81,700.1,,1114,0,710.0,715.0,700.0
2022-11-09,0.0,-3.65,713.0,,1389,0,725.2,725.2,711.0
2022-11-08,0.0,-2.5,740.0,,486,0,745.0,758.0,740.0
2022-11-07,0.0,-0.97,759.0,,1506,0,757.0,785.0,726.0
2022-11-06,0.0,6.44,766.4,,2184,0,720.0,782.0,720.0
2022-11-03,0.0,-1.37,720.0,,245,0,740.0,744.0,720.0
2022-11-02,0.0,-0.14,730.0,,1073,0,740.0,740.0,727.0
2022-11-01,0.0,1.67,731.0,,681,0,719.0,735.0,710.1
2022-10-31,0.0,-0.14,719.0,,519,0,707.0,720.0,707.0
2022-10-23,0.0,3.15,720.0,,800,0,711.9,720.0,699.1
2022-10-20,0.0,-0.06,698.0,,243,0,711.0,711.0,698.0
2022-10-19,0.0,-1.91,698.4,,1252,0,712.1,718.9,698.4
2022-10-17,0.0,-0.42,712.0,,438,0,705.0,719.0,705.0
2022-10-16,0.0,-1.24,715.0,,274,0,735.0,735.0,713.5
2022-10-13,0.0,0.48,724.0,,256,0,714.5,725.0,712.6
2022-10-12,0.0,-0.21,714.5,,305,0,716.0,719.4,708.1
2022-10-11,0.0,1.19,716.0,,65,0,712.0,716.0,712.0
2022-10-10,0.0,-1.86,707.6,,995,0,722.0,735.0,707.6
2022-10-09,0.0,1.84,721.0,,457,0,720.0,736.5,720.0
2022-09-29,0.0,-0.3,708.0,,994,0,715.0,719.0,702.0
2022-09-28,0.0,1.88,710.1,,828,0,710.0,718.0,705.0
2022-09-27,0.0,-0.7,697.0,,614,0,702.0,715.0,696.0
2022-09-25,0.0,-0.44,701.9,,753,0,691.0,702.0,691.0
2022-09-22,0.0,-1.4,705.0,,740,0,700.7,715.0,688.2
2022-09-21,0.0,0.99,715.0,,387,0,715.1,729.4,710.1
2022-09-20,0.0,-3.93,708.0,,1324,0,722.3,723.9,707.0
2022-09-18,0.0,-1.99,737.0,,986,0,752.0,752.0,735.0
2022-09-16,0.0,-1.44,752.0,,450,0,747.8,765.0,745.0
2022-09-15,0.0,-3.05,763.0,,1058,0,788.0,800.0,755.0
2022-09-14,0.0,2.74,787.0,,936,0,781.0,812.0,772.0
2022-09-13,0.0,0.51,766.0,,747,0,760.0,777.3,755.0
2022-09-12,0.0,-0.9,762.1,,211,0,760.1,775.0,760.1
2022-09-11,0.0,-0.39,769.0,,370,0,780.0,784.0,765.3
2022-09-08,0.0,-0.39,772.0,,359,0,790.0,800.0,759.6
2022-09-07,0.0,-0.9,775.0,,1247,0,770.0,797.5,767.0
2022-09-06,0.0,-2.25,782.0,,553,0,784.5,794.0,772.0
2022-09-05,0.0,-1.72,800.0,,406,0,814.0,814.0,800.0
2022-09-04,0.0,1.75,814.0,,303,0,790.0,814.0,790.0
2022-09-02,0.0,0.25,800.0,,388,0,813.0,815.0,796.8
2022-09-01,0.0,1.64,798.0,,894,0,785.0,799.9,776.1
2022-08-31,0.0,-0.61,785.1,,650,0,785.0,791.9,778.0
2022-08-30,0.0,0.37,789.9,,1424,0,802.7,818.7,789.9
2022-08-29,0.0,-1.13,787.0,,656,0,781.1,799.0,781.1
2022-08-28,0.0,-2.33,796.0,,883,0,800.0,830.0,790.4
2022-08-26,0.0,-0.38,815.0,,287,0,815.0,816.0,806.1
2022-08-25,0.0,-0.96,818.1,,1448,0,820.1,834.0,818.1
2022-08-24,0.0,-0.24,826.0,,442,0,840.0,840.0,825.0
2022-08-23,0.0,-1.43,828.0,,1764,0,855.0,855.0,811.0
2022-08-22,0.0,-0.94,840.0,,1809,0,831.2,855.0,821.0
2022-08-21,0.0,-1.37,848.0,,1691,0,859.8,865.0,847.0
2022-08-18,0.0,3.97,859.8,,2061,0,827.0,859.8,827.0
2022-08-17,0.0,-1.31,827.0,,713,0,840.0,852.0,821.3
2022-08-16,0.0,-2.44,838.0,,1065,0,859.0,889.9,836.0
2022-08-15,0.0,2.26,859.0,,777,0,840.0,860.0,832.0
2022-08-14,0.0,-3.45,840.0,,868,0,870.0,870.0,840.0
2022-08-11,0.0,-0.57,870.0,,897,0,875.0,891.0,865.0
2022-08-10,0.0,-0.11,875.0,,628,0,870.0,886.8,861.0
2022-08-09,0.0,-2.12,876.0,,1132,0,890.0,895.0,876.0
2022-08-08,0.0,-0.33,895.0,,1018,0,900.0,914.5,895.0
2022-08-07,0.0,-0.77,898.0,,850,0,900.0,910.0,895.0
2022-08-05,0.0,-2.16,905.0,,821,0,925.0,925.0,905.0
2022-08-04,0.0,-2.43,925.0,,1159,0,950.0,959.9,922.2
2022-08-03,0.0,-2.07,948.0,,4655,0,950.0,958.0,925.0
2022-08-02,0.0,2.98,968.0,,2595,0,940.0,975.0,933.0
2022-08-01,0.0,-1.05,940.0,,2961,0,950.0,969.0,940.0
2022-07-31,0.0,-0.84,950.0,,3313,0,977.1,977.1,950.0
2022-07-29,0.0,0.84,958.0,,1726,0,969.0,969.0,949.0
2022-07-28,0.0,5.79,950.0,,5330,0,880.2,955.0,880.2
2022-07-27,0.0,0.56,898.0,,996,0,910.0,910.0,884.9
2022-07-26,0.0,-2.3,893.0,,1959,0,896.0,915.0,881.0
2022-07-25,0.0,5.31,914.0,,2782,0,885.0,914.0,870.0
2022-07-24,0.0,3.92,867.9,,1722,0,851.0,868.0,833.0
2022-07-22,0.0,-1.74,835.2,,230,0,867.0,867.0,833.0
2022-07-21,0.0,-0.82,850.0,,580,0,850.0,860.0,843.0
2022-07-20,0.0,-0.35,857.0,,1075,0,876.0,876.0,855.0
2022-07-19,0.0,1.42,860.0,,655,0,855.0,872.0,840.2
2022-07-18,0.0,0.71,848.0,,940,0,843.0,855.0,825.2
2022-07-17,0.0,2.05,842.0,,930,0,825.1,842.0,825.1
2022-07-15,0.0,-1.66,825.1,,292,0,822.3,826.0,822.3
2022-07-14,0.0,-0.12,839.0,,128,0,840.0,841.0,839.0
2022-07-13,0.0,2.94,840.0,,478,0,832.2,848.8,808.0
2022-07-12,0.0,2.45,816.0,,798,0,783.0,825.0,783.0
2022-07-11,0.0,-4.84,796.5,,1455,0,853.7,853.7,788.0
2022-07-08,0.0,-2.78,837.0,,148,0,860.0,860.0,830.0
2022-07-07,0.0,-0.13,860.9,,548,0,879.0,888.0,853.0
2022-07-06,0.0,-0.36,862.0,,1110,0,850.0,862.0,833.0
2022-07-05,0.0,-2.8,865.1,,602,0,905.0,905.0,864.0
2022-07-04,0.0,0.14,890.0,,2151,0,888.0,922.9,888.0
2022-07-03,0.0,1.46,888.8,,1640,0,890.0,899.0,859.0
2022-07-01,0.0,0.69,876.0,,891,0,870.0,895.0,870.0
2022-06-30,0.0,6.1,870.0,,1729,0,820.0,872.0,820.0
2022-06-29,0.0,3.27,820.0,,345,0,794.0,825.5,794.0
2022-06-28,0.0,-1.96,794.0,,321,0,794.0,794.0,775.0
2022-06-27,0.0,-0.01,809.9,,885,0,826.2,842.7,809.9
2022-06-26,0.0,4.65,810.0,,1379,0,760.0,851.4,760.0
2022-06-24,0.0,1.98,774.0,,264,0,759.0,789.0,744.0
2022-06-23,0.0,-3.92,759.0,,438,0,775.0,780.0,759.0
2022-06-22,0.0,-1.25,790.0,,931,0,809.0,810.0,790.0
2022-06-21,0.0,0.63,800.0,,1106,0,810.9,810.9,790.1
2022-06-20,0.0,-2.57,795.0,,1507,0,800.1,805.0,782.0
2022-06-19,0.0,-3.68,816.0,,165,0,830.3,831.0,815.0
2022-06-17,0.0,0.27,847.2,,264,0,861.7,870.0,845.1
2022-06-16,0.0,0.82,844.9,,123,0,822.1,849.9,822.1
2022-06-15,0.0,-0.24,838.0,,612,0,856.7,856.7,806.6
2022-06-14,0.0,-1.59,840.0,,672,0,840.0,840.0,825.0
2022-06-13,0.0,1.02,853.6,,284,0,840.0,871.0,840.0
2022-06-10,0.0,-2.31,845.0,,145,0,848.5,850.0,840.0
2022-06-09,0.0,0.0,865.0,,1497,0,865.0,892.9,855.0
2022-06-08,0.0,3.22,865.0,,308,0,850.0,866.0,835.0
2022-06-07,0.0,0.94,838.0,,523,0,820.0,838.2,820.0
2022-06-06,0.0,0.02,830.2,,230,0,840.0,840.0,830.2
2022-06-03,0.0,-1.78,830.0,,721,0,832.0,833.0,820.0
2022-06-02,0.0,-1.52,845.0,,595,0,875.0,875.0,840.4
2022-06-01,0.0,-1.83,858.0,,962,0,875.1,875.1,850.0
2022-05-31,0.0,-1.8,874.0,,429,0,873.0,890.0,873.0
2022-05-30,0.0,-0.84,890.0,,598,0,880.1,904.7,870.0
2022-05-27,0.0,-1.27,897.5,,734,0,901.0,909.0,896.0
2022-05-26,0.0,0.44,909.0,,327,0,887.0,920.0,887.0
2022-05-25,0.0,-0.96,905.0,,692,0,932.0,932.0,897.2
2022-05-24,0.0,3.02,913.8,,549,0,887.0,915.0,887.0
2022-05-23,0.0,-3.06,887.0,,391,0,898.0,910.0,881.0
2022-05-20,0.0,0.55,915.0,,179,0,910.0,946.5,900.0
2022-05-19,0.0,-2.88,910.0,,138,0,919.0,937.0,905.0
2022-05-18,0.0,-0.01,937.0,,364,0,924.0,939.9,924.0
2022-05-17,0.0,-2.8,942.8,,535,0,980.9,980.9,942.8
2022-05-12,0.0,0.75,970.0,,1039,0,980.0,982.0,952.0
2022-05-11,0.0,3.97,962.8,,1322,0,930.0,962.8,930.0
2022-05-10,0.0,1.76,926.0,,518,0,927.0,927.0,915.0
2022-05-09,0.0,2.37,910.0,,558,0,888.0,920.0,888.0
2022-05-08,0.0,1.59,888.9,,1048,0,872.0,888.9,850.0
2022-05-05,0.0,-3.19,875.0,,1177,0,911.0,911.0,875.0
2022-05-04,0.0,-0.19,903.8,,495,0,900.0,903.8,892.0
2022-05-02,0.0,-2.84,905.5,,857,0,932.0,932.0,900.0
2022-04-28,0.0,-0.85,932.0,,624,0,940.0,952.0,921.2
2022-04-27,0.0,1.29,940.0,,849,0,928.0,946.0,910.0
2022-04-26,0.0,-2.21,928.0,,1199,0,949.0,949.0,927.0
2022-04-25,0.0,-2.47,949.0,,1789,0,980.0,980.0,930.0
2022-04-24,0.0,2.42,973.0,,885,0,950.0,989.0,950.0
2022-04-21,0.0,-1.04,950.0,,1012,0,960.0,960.0,932.0
2022-04-20,0.0,-1.34,960.0,,249,0,954.0,975.0,935.0
2022-04-19,0.0,1.35,973.0,,635,0,979.0,979.0,941.0
2022-04-18,0.0,-0.16,960.0,,635,0,961.5,962.0,955.0
2022-04-17,0.0,-2.19,961.5,,495,0,970.0,991.0,955.0
2022-04-13,0.0,1.34,983.0,,1165,0,970.0,988.0,952.0
2022-04-12,0.0,-2.51,970.0,,645,0,980.1,1003.0,970.0
2022-04-11,0.0,-1.49,995.0,,1254,0,1010.0,1022.0,990.0
2022-04-07,0.0,0.8,1010.0,,1758,0,995.0,1027.0,980.0
2022-04-06,0.0,-1.57,1002.0,,750,0,1015.9,1018.0,998.0
2022-04-05,0.0,-3.82,1018.0,,2996,0,1048.7,1048.7,1018.0
2022-04-04,0.0,-2.9,1058.4,,1208,0,1085.0,1085.0,1058.4
2022-04-03,0.0,-1.01,1090.0,,1744,0,1120.0,1120.0,1087.0
2022-03-31,0.0,-1.41,1101.1,,2477,0,1139.1,1139.1,1100.0
2022-03-30,0.0,1.98,1336.0,,9292,0,1311.1,1340.0,1311.1
2022-03-29,0.0,-1.13,1310.0,,1896,0,1322.0,1322.0,1305.0
2022-03-28,0.0,-1.49,1325.0,,1865,0,1369.9,1371.9,1321.0
2022-03-27,0.0,-1.54,1345.0,,3239,0,1393.3,1393.3,1336.0
2022-03-24,0.0,-0.73,1366.0,,1257,0,1376.0,1390.0,1366.0
2022-03-23,0.0,-0.29,1376.0,,3178,0,1407.0,1407.0,1371.3
2022-03-22,0.0,0.94,1380.0,,2140,0,1388.0,1392.0,1380.0
2022-03-21,0.0,0.15,1367.1,,1791,0,1370.1,1375.0,1350.0
2022-03-20,0.0,1.04,1365.0,,2694,0,1357.0,1378.0,1356.1
2022-03-16,0.0,-1.38,1351.0,,1299,0,1380.0,1380.0,1350.0
2022-03-15,0.0,-0.01,1369.9,,1234,0,1375.0,1375.0,1355.0
2022-03-14,0.0,-0.29,1370.0,,359,0,1399.0,1399.0,1361.0
2022-03-13,0.0,2.83,1374.0,,1173,0,1332.0,1388.0,1332.0
2022-03-10,0.0,1.98,1336.2,,1266,0,1334.0,1336.2,1307.4
2022-03-09,0.0,-0.36,1310.3,,1493,0,1300.0,1317.0,1300.0
2022-03-07,0.0,0.38,1315.0,,1146,0,1310.0,1336.2,1300.0
2022-03-06,0.0,-1.87,1310.0,,2305,0,1360.0,1360.0,1310.0
2022-03-02,0.0,-1.4,1335.0,,863,0,1330.0,1340.0,1321.0
2022-02-28,0.0,-0.95,1354.0,,1576,0,1385.0,1387.9,1350.0
2022-02-27,0.0,-0.22,1367.0,,1380,0,1360.0,1370.0,1347.0
2022-02-24,0.0,-2.0,1370.0,,2096,0,1371.0,1394.0,1344.0
2022-02-23,0.0,-0.09,1398.0,,1308,0,1390.0,1407.0,1390.0
2022-02-22,0.0,0.01,1399.2,,1546,0,1400.0,1426.0,1396.2
2022-02-21,0.0,-0.99,1399.0,,2242,0,1413.0,1413.0,1390.0
2022-02-20,0.0,-0.49,1413.0,,2557,0,1392.0,1413.0,1365.0
2022-02-17,0.0,-0.35,1420.0,,666,0,1425.0,1425.0,1400.0
2022-02-16,0.0,0.0,1425.0,,1733,0,1421.1,1425.0,1409.0
2022-02-15,0.0,1.28,1425.0,,3632,0,1400.1,1425.0,1400.0
2022-02-14,0.0,0.43,1407.0,,1333,0,1420.0,1441.0,1405.0
2022-02-13,0.0,-4.04,1401.0,,4803,0,1434.4,1434.4,1396.5
2022-02-10,0.0,-0.68,1460.0,,4192,0,1475.0,1485.0,1450.7
2022-02-09,0.0,2.8,1470.0,,21117,0,1458.6,1515.0,1449.0
2022-02-08,0.0,0.0,1430.0,,2803,0,1458.6,1487.6,1402.0
2022-02-07,0.0,1.49,1430.0,,1798,0,1409.0,1430.0,1407.0
2022-02-06,0.0,-1.67,1409.0,,1756,0,1425.0,1425.0,1400.1
2022-02-03,0.0,-0.83,1433.0,,3807,0,1451.0,1468.0,1425.0
2022-02-01,0.0,-0.34,1445.0,,1227,0,1450.0,1455.0,1432.0
2022-01-31,0.0,-0.68,1450.0,,2757,0,1489.0,1489.0,1430.0
2022-01-30,0.0,3.18,1460.0,,4823,0,1443.0,1469.0,1425.1
2022-01-27,0.0,1.65,1415.0,,1928,0,1392.0,1427.0,1392.0
2022-01-26,0.0,-1.63,1392.0,,4686,0,1393.0,1415.0,1388.0
2022-01-25,0.0,-2.08,1415.0,,9463,0,1417.0,1460.0,1404.0
2022-01-24,0.0,-3.03,1445.0,,3915,0,1481.0,1485.0,1430.0
2022-01-23,0.0,-1.38,1490.2,,4439,0,1540.0,1540.0,1485.0
2022-01-20,0.0,0.07,1511.0,,4808,0,1509.9,1518.0,1491.0
2022-01-19,0.0,-0.73,1509.9,,4552,0,1517.0,1520.0,1490.0
2022-01-18,0.0,-0.91,1521.0,,4530,0,1521.0,1545.0,1494.2
2022-01-17,0.0,-0.97,1535.0,,8458,0,1557.0,1558.0,1505.0
2022-01-16,0.0,1.44,1550.0,,11565,0,1558.5,1566.0,1515.0
2022-01-13,0.0,5.52,1528.0,,29455,0,1432.0,1529.0,1432.0
2022-01-12,0.0,-0.21,1448.0,,5817,0,1452.0,1523.0,1422.0
2022-01-11,0.0,2.91,1451.0,,4901,0,1391.0,1490.0,1391.0
2022-01-10,0.0,-0.7,1410.0,,2474,0,1393.0,1430.0,1392.1
2022-01-09,0.0,1.5,1420.0,,4547,0,1400.0,1430.0,1380.0
2022-01-06,0.0,2.12,1399.0,,2275,0,1355.0,1400.0,1355.0
2022-01-05,0.0,-1.44,1370.0,,1975,0,1395.0,1395.0,1353.0
2022-01-04,0.0,6.76,1390.0,,1979,0,1325.0,1409.1,1304.0
2022-01-03,0.0,3.66,1302.0,,12969,0,1281.0,1354.0,1280.0
2022-01-02,0.0,2.36,1256.0,,2065,0,1250.0,1300.0,1226.0
2021-12-29,0.0,0.0,1227.0,,696,0,1205.0,1227.0,1205.0
2021-12-28,0.0,1.91,1227.0,,1322,0,1200.0,1227.0,1180.1
2021-12-27,0.0,-2.81,1204.0,,1023,0,1230.0,1285.2,1204.0
2021-12-26,0.0,3.23,1238.8,,2051,0,1223.0,1239.8,1194.2
2021-12-23,0.0,0.0,1200.0,,1153,0,1199.9,1221.0,1181.1
2021-12-22,0.0,4.53,1200.0,,1929,0,1170.9,1215.8,1170.0
2021-12-21,0.0,2.04,1148.0,,1325,0,1110.0,1149.0,1110.0
2021-12-20,0.0,-2.68,1125.0,,470,0,1156.0,1156.0,1125.0
2021-12-16,0.0,-0.77,1156.0,,595,0,1143.5,1165.0,1143.5
2021-12-15,0.0,-2.84,1165.0,,1547,0,1222.9,1240.0,1165.0
2021-12-14,0.0,8.89,1199.0,,518,0,1100.0,1199.0,1100.0
2021-12-13,0.0,-6.92,1101.1,,1827,0,1183.0,1183.0,1077.0
2021-12-12,0.0,-4.74,1183.0,,465,0,1220.0,1220.0,1182.2
2021-12-09,0.0,-1.98,1241.9,,780,0,1242.0,1242.0,1217.2
2021-12-08,0.0,-3.43,1267.0,,1474,0,1300.0,1300.0,1265.0
2021-12-07,0.0,-1.06,1312.0,,1053,0,1352.0,1352.0,1312.0
2021-12-06,0.0,2.79,1326.0,,1550,0,1290.0,1326.0,1221.0
2021-12-05,0.0,-3.01,1290.0,,1799,0,1305.0,1330.0,1280.0
2021-12-02,0.0,-2.35,1330.0,,1594,0,1350.0,1350.0,1320.0
2021-12-01,0.0,-1.38,1362.0,,200,0,1360.0,1375.0,1360.0
2021-11-30,0.0,1.54,1381.0,,911,0,1360.0,1386.0,1333.0
2021-11-29,0.0,0.0,1360.0,,1861,0,1385.0,1385.0,1340.1
2021-11-28,0.0,-2.86,1360.0,,1014,0,1398.0,1398.0,1347.0
2021-11-25,0.0,-1.75,1400.0,,768,0,1453.0,1453.0,1396.5
2021-11-24,0.0,0.99,1424.9,,2059,0,1400.0,1425.0,1400.0
2021-11-23,0.0,-1.33,1411.0,,783,0,1420.0,1422.0,1405.1
2021-11-22,0.0,0.63,1430.0,,965,0,1421.0,1430.0,1405.0
2021-11-21,0.0,-0.7,1421.0,,570,0,1432.0,1432.0,1415.0
2021-11-18,0.0,-1.58,1431.0,,1321,0,1482.9,1510.0,1414.0
2021-11-17,0.0,1.1,1453.9,,2445,0,1466.8,1490.0,1433.0
2021-11-16,0.0,-0.68,1438.1,,1102,0,1476.0,1476.0,1425.0
2021-11-15,0.0,1.26,1448.0,,2338,0,1441.0,1448.0,1424.1
2021-11-14,0.0,-1.04,1430.0,,1080,0,1470.0,1470.0,1418.2
2021-11-11,0.0,-1.37,1445.0,,1437,0,1465.0,1494.0,1380.0
2021-11-09,0.0,-4.87,1465.0,,2826,0,1540.0,1570.0,1450.4
2021-11-08,0.0,-2.23,1540.0,,1528,0,1570.0,1589.0,1540.0
2021-11-03,0.0,-1.56,1575.1,,2440,0,1575.0,1630.0,1575.0
2021-11-02,0.0,-1.23,1600.0,,1442,0,1600.0,1600.0,1568.0
2021-11-01,0.0,-0.98,1620.0,,4947,0,1660.0,1660.0,1515.0
2021-10-31,0.0,7.28,1636.0,,7264,0,1530.0,1636.0,1510.0
2021-10-28,0.0,1.53,1525.0,,1481,0,1531.9,1540.0,1501.0
2021-10-27,0.0,-2.63,1502.0,,2262,0,1540.0,1540.0,1494.5
2021-10-26,0.0,1.55,1542.6,,2116,0,1490.0,1574.0,1490.0
2021-10-25,0.0,6.37,1519.0,,3358,0,1440.0,1554.2,1439.0
2021-10-24,0.0,2.28,1428.0,,723,0,1400.0,1428.0,1395.0
2021-10-21,0.0,-0.21,1396.1,,736,0,1381.0,1405.0,1381.0
2021-10-20,0.0,1.75,1399.0,,998,0,1400.0,1420.0,1374.0
2021-10-19,0.0,-4.51,1375.0,,2773,0,1415.0,1418.0,1360.0
2021-10-18,0.0,-3.36,1440.0,,1634,0,1465.1,1475.0,1425.0
2021-10-17,0.0,2.9,1490.0,,541,0,1448.0,1500.0,1460.1
2021-10-11,0.0,-2.49,1448.0,,1391,0,1457.0,1457.0,1410.0
2021-10-10,0.0,-3.26,1485.0,,1887,0,1565.0,1565.0,1470.0
2021-10-06,0.0,6.68,1535.0,,5858,0,1466.9,1549.0,1466.9
2021-10-05,0.0,3.89,1438.9,,2016,0,1412.0,1440.0,1410.0
2021-10-04,0.0,2.52,1385.0,,1324,0,1326.0,1395.0,1326.0
2021-10-03,0.0,-0.3,1351.0,,792,0,1335.1,1365.0,1335.1
2021-09-30,0.0,0.44,1355.0,,2923,0,1375.0,1400.0,1350.0
2021-09-29,0.0,1.5,1349.0,,1429,0,1310.0,1387.2,1310.0
2021-09-28,0.0,-2.06,1329.0,,1611,0,1330.0,1356.0,1323.1
2021-09-27,0.0,-2.86,1357.0,,1740,0,1400.0,1400.0,1350.0
2021-09-26,0.0,-1.97,1397.0,,2435,0,1430.1,1430.6,1397.0
2021-09-23,0.0,-2.59,1425.1,,2128,0,1492.0,1522.0,1423.0
2021-09-22,0.0,2.38,1463.0,,1440,0,1457.5,1490.0,1455.0
2021-09-21,0.0,0.14,1429.0,,1514,0,1399.0,1452.0,1372.0
2021-09-20,0.0,-4.8,1427.0,,3437,0,1470.0,1503.0,1402.1
2021-09-16,0.0,-0.27,1499.0,,2298,0,1475.0,1499.0,1470.0
2021-09-15,0.0,-1.05,1503.0,,855,0,1500.0,1515.0,1500.0
2021-09-14,0.0,-0.07,1519.0,,1702,0,1548.9,1548.9,1505.0
2021-09-13,0.0,-0.39,1520.0,,1240,0,1530.0,1556.5,1510.0
2021-09-12,0.0,1.67,1526.0,,1624,0,1515.0,1540.0,1501.0
2021-09-09,0.0,-0.6,1501.0,,3672,0,1515.0,1540.0,1500.0
2021-09-08,0.0,0.0,1510.0,,2919,0,1490.0,1529.9,1490.0
2021-09-07,0.0,-1.95,1510.0,,2040,0,1540.0,1540.0,1495.0
2021-09-06,0.0,2.67,1540.0,,3350,0,1500.0,1550.0,1490.0
2021-09-05,0.0,-2.91,1500.0,,4265,0,1530.0,1530.0,1484.0
2021-09-02,0.0,-2.28,1545.0,,3189,0,1581.0,1613.5,1540.0
2021-09-01,0.0,0.06,1581.0,,2650,0,1570.0,1615.0,1570.0
2021-08-31,0.0,-2.53,1580.0,,3501,0,1600.0,1605.0,1570.0
2021-08-29,0.0,-1.1,1621.0,,7040,0,1640.0,1672.0,1612.0
2021-08-26,0.0,-0.67,1639.0,,2814,0,1650.0,1672.0,1621.0
2021-08-25,0.0,-0.78,1650.1,,3469,0,1660.0,1675.0,1650.0
2021-08-24,0.0,-0.56,1663.0,,3851,0,1650.0,1700.0,1650.0
2021-08-19,0.0,0.38,1672.3,,5752,0,1660.0,1705.0,1653.2
2021-08-18,0.0,-0.12,1666.0,,2530,0,1640.0,1675.0,1640.0
2021-08-17,0.0,-1.42,1668.0,,2280,0,1667.0,1680.0,1667.0
2021-08-16,0.0,0.12,1692.0,,7443,0,1660.0,1709.9,1657.1
2021-08-15,0.0,2.11,1690.0,,6338,0,1665.0,1714.9,1650.0
2021-08-12,0.0,-0.92,1655.0,,4889,0,1670.3,1670.0,1647.0
2021-08-11,0.0,-0.81,1670.3,,2601,0,1680.0,1699.0,1670.0
2021-08-10,0.0,2.0,1684.0,,5564,0,1618.0,1700.0,1618.0
2021-08-09,0.0,-2.71,1651.0,,5028,0,1730.0,1730.0,1651.0
2021-08-08,0.0,-1.39,1697.0,,5075,0,1721.0,1729.0,1696.0
2021-08-05,0.0,-0.64,1721.0,,11249,0,1697.4,1770.0,1697.4
2021-08-04,0.0,0.23,1732.0,,22833,0,1762.0,1870.0,1730.0
2021-08-03,0.0,3.16,1728.0,,17950,0,1700.0,1750.0,1690.0
2021-08-02,0.0,0.61,1675.1,,5226,0,1698.0,1698.0,1667.0
2021-08-01,0.0,-0.3,1665.0,,9190,0,1700.0,1703.4,1655.0
2021-07-29,0.0,-1.59,1670.0,,8029,0,1695.0,1705.0,1665.0
2021-07-28,0.0,0.41,1697.0,,9621,0,1707.0,1735.0,1681.0
2021-07-27,0.0,-2.37,1690.0,,10109,0,1700.0,1708.0,1648.0
2021-07-26,0.0,-0.17,1731.0,,10572,0,1700.0,1745.0,1700.0
2021-07-25,0.0,5.6,1734.0,,20928,0,1630.0,1734.0,1630.0
2021-07-22,0.0,-0.18,1642.0,,3876,0,1625.0,1650.0,1621.0
2021-07-20,0.0,-0.3,1645.0,,2144,0,1683.0,1683.0,1630.0
2021-07-19,0.0,1.23,1650.0,,5609,0,1662.6,1670.0,1607.0
2021-07-18,0.0,3.56,1630.0,,5852,0,1600.0,1635.0,1600.0
2021-07-15,0.0,0.32,1574.0,,890,0,1569.0,1580.0,1551.0
2021-07-14,0.0,1.1,1569.0,,1983,0,1530.0,1580.0,1530.0
2021-07-13,0.0,0.84,1552.0,,1558,0,1539.0,1575.0,1539.0
2021-07-12,0.0,-1.97,1539.0,,2946,0,1600.0,1600.0,1539.0
2021-07-11,0.0,3.15,1570.0,,2522,0,1552.0,1582.0,1541.0
2021-07-08,0.0,1.47,1522.0,,1734,0,1500.0,1540.0,1490.0
2021-07-07,0.0,-0.66,1500.0,,3199,0,1481.0,1541.0,1481.0
2021-07-06,0.0,-0.4,1510.0,,1215,0,1516.0,1529.0,1500.0
2021-07-05,0.0,-0.92,1516.0,,4028,0,1510.0,1530.0,1510.0
2021-07-04,0.0,-0.07,1530.0,,1586,0,1520.0,1545.0,1515.0
2021-07-01,0.0,0.07,1531.0,,1206,0,1530.0,1560.0,1526.0
2021-06-30,0.0,-0.71,1530.0,,1843,0,1540.0,1545.0,1515.0
2021-06-29,0.0,0.06,1541.0,,5281,0,1570.0,1610.0,1540.0
2021-06-28,0.0,3.7,1540.0,,4564,0,1499.0,1573.0,1476.0
2021-06-27,0.0,-0.47,1485.0,,1930,0,1472.0,1495.0,1472.0
2021-06-24,0.0,-1.39,1492.0,,2946,0,1513.0,1515.0,1480.0
2021-06-23,0.0,-1.11,1513.0,,3715,0,1530.0,1540.0,1501.0
2021-06-22,0.0,-0.2,1530.0,,6308,0,1535.0,1560.0,1520.0
2021-06-21,0.0,-1.41,1533.0,,3923,0,1535.0,1571.0,1533.0
2021-06-20,0.0,-2.2,1555.0,,5174,0,1590.0,1615.0,1549.0
2021-06-17,0.0,-1.36,1590.0,,2894,0,1634.0,1634.0,1585.0
2021-06-16,0.0,3.33,1612.0,,10167,0,1550.0,1681.0,1532.0
2021-06-15,0.0,-0.64,1560.0,,6820,0,1585.0,1600.0,1558.0
2021-06-14,0.0,-1.01,1570.0,,5057,0,1586.0,1600.0,1568.0
2021-06-13,0.0,-0.88,1586.0,,3569,0,1569.0,1632.0,1569.0
2021-06-10,0.0,-0.5,1600.0,,6794,0,1600.0,1625.0,1585.0
2021-06-09,0.0,0.0,1608.0,,4443,0,1602.0,1630.0,1602.0
2021-06-08,0.0,-0.56,1606.0,,4469,0,1615.0,1625.0,1602.0
2021-06-07,0.0,-1.52,1615.0,,3200,0,1620.0,1650.0,1615.0
2021-06-06,0.0,0.61,1640.0,,7444,0,1655.0,1670.0,1637.0
2021-06-03,0.0,1.43,1630.0,,7348,0,1595.0,1665.0,1595.0
2021-06-02,0.0,0.63,1607.0,,7333,0,1597.0,1610.0,1586.0
2021-06-01,0.0,0.19,1597.0,,3534,0,1600.0,1600.0,1586.0
2021-05-31,0.0,-0.69,1594.0,,7007,0,1606.0,1624.0,1591.0
2021-05-30,0.0,-1.71,1605.0,,11100,0,1650.0,1650.0,1590.0
2021-05-27,0.0,-4.5,1633.0,,28630,0,1625.0,1664.0,1565.0
2021-05-25,0.0,-1.16,1710.0,,6141,0,1730.0,1750.0,1709.0
2021-05-24,0.0,-1.7,1730.0,,17969,0,1788.0,1790.0,1706.0
2021-05-23,0.0,-2.17,1760.0,,11244,0,1710.0,1790.0,1710.0
2021-05-20,0.0,-0.06,1799.0,,18965,0,1766.0,1799.0,1751.0
2021-05-19,0.0,1.12,1800.0,,18484,0,1790.0,1820.0,1766.0
2021-05-18,0.0,5.95,1780.0,,37400,0,1695.0,1785.0,1675.0
2021-05-17,0.0,0.18,1680.0,,10379,0,1683.0,1705.0,1660.0
2021-05-16,0.0,2.88,1677.0,,17984,0,1660.0,1677.0,1631.0
2021-05-13,0.0,0.74,1630.0,,3323,0,1610.0,1665.0,1600.0
2021-05-12,0.0,-1.04,1618.0,,2373,0,1630.0,1636.0,1610.0
2021-05-11,0.0,0.93,1635.0,,5683,0,1610.0,1650.0,1610.0
2021-05-10,0.0,0.5,1620.0,,4006,0,1610.0,1636.0,1590.0
2021-05-09,0.0,-1.83,1612.0,,4566,0,1642.0,1642.0,1595.0
2021-05-06,0.0,-1.68,1642.0,,9289,0,1670.0,1675.0,1629.0
2021-05-05,0.0,1.27,1670.0,,13725,0,1731.0,1731.0,1641.0
2021-05-04,0.0,2.74,1649.0,,11581,0,1580.0,1649.0,1580.0
2021-05-03,0.0,0.0,1605.0,,7444,0,1632.0,1632.0,1600.0
2021-05-02,0.0,1.39,1605.0,,7610,0,1606.0,1608.0,1580.0
2021-04-29,0.0,0.19,1583.0,,1419,0,1580.0,1594.0,1563.0
2021-04-28,0.0,-0.94,1580.0,,3183,0,1625.0,1625.0,1555.0
2021-04-27,0.0,2.74,1576.0,,4804,0,1550.0,1600.0,1540.0
2021-04-26,0.0,-1.79,1534.0,,6235,0,1531.0,1595.0,1472.0
2021-04-25,0.0,-2.37,1562.0,,15888,0,1620.0,1659.0,1539.0
2021-04-22,0.0,1.85,1600.0,,6445,0,1571.0,1604.0,1555.0
2021-04-21,0.0,-0.7,1571.0,,4153,0,1590.0,1600.0,1570.0
2021-04-20,0.0,0.19,1582.0,,7240,0,1548.0,1645.0,1531.0
2021-04-19,0.0,-1.62,1579.0,,4012,0,1585.0,1630.0,1574.0
2021-04-18,0.0,-2.07,1605.0,,5525,0,1650.0,1650.0,1605.0
2021-04-15,0.0,-1.27,1639.0,,6484,0,1644.0,1660.0,1637.0
2021-04-13,0.0,-0.9,1660.0,,11203,0,1700.0,1700.0,1645.0
2021-04-12,0.0,3.59,1675.0,,12281,0,1648.0,1700.0,1620.0
2021-04-08,0.0,2.67,1617.0,,10980,0,1599.0,1620.0,1581.0
2021-04-07,0.0,0.64,1575.0,,6770,0,1585.0,1615.0,1570.0
2021-04-06,0.0,0.32,1565.0,,4465,0,1550.0,1591.0,1535.0
2021-04-05,0.0,1.1,1560.0,,3330,0,1543.0,1573.0,1530.0
2021-04-04,0.0,-1.34,1543.0,,5891,0,1566.0,1575.0,1530.0
2021-04-01,0.0,-0.76,1564.0,,3753,0,1580.0,1599.0,1555.0
2021-03-31,0.0,2.94,1576.0,,11215,0,1607.0,1610.0,1575.0
2021-03-30,0.0,3.09,1667.0,,21014,0,1617.0,1677.0,1617.0
2021-03-29,0.0,-0.25,1617.0,,8869,0,1645.0,1651.0,1605.0
2021-03-25,0.0,-1.52,1621.0,,10056,0,1728.0,1728.0,1621.0
2021-03-24,0.0,1.92,1646.0,,7179,0,1626.0,1650.0,1602.0
2021-03-23,0.0,2.22,1615.0,,7096,0,1600.0,1618.0,1575.0
2021-03-22,0.0,-3.78,1580.0,,7852,0,1650.0,1674.0,1580.0
2021-03-21,0.0,6.62,1642.0,,10490,0,1540.0,1650.0,1539.0
2021-03-18,0.0,4.41,1540.0,,7926,0,1500.0,1540.0,1471.0
2021-03-17,0.0,2.15,1475.0,,3673,0,1435.0,1475.0,1423.0
2021-03-16,0.0,-0.07,1444.0,,5082,0,1417.0,1500.0,1417.0
2021-03-15,0.0,-2.3,1445.0,,2860,0,1507.0,1507.0,1430.0
2021-03-14,0.0,-3.96,1479.0,,2244,0,1510.0,1530.0,1460.0
2021-03-10,0.0,3.36,1540.0,,3480,0,1470.0,1540.0,1460.0
2021-03-09,0.0,-2.3,1490.0,,3833,0,1525.0,1525.0,1485.0
2021-03-04,0.0,4.78,1534.0,,4716,0,1489.0,1549.0,1470.0
2021-03-03,0.0,-1.74,1464.0,,6086,0,1461.0,1480.0,1432.0
2021-03-02,0.0,-3.56,1490.0,,4294,0,1545.0,1590.0,1487.0
2021-03-01,0.0,0.0,1545.0,,7835,0,1470.0,1585.0,1437.0
2021-02-28,0.0,-5.08,1495.0,,8552,0,1545.0,1560.0,1490.0
2021-02-25,0.0,0.0,1575.0,,10947,0,1701.0,1701.0,1531.0
2021-02-24,0.0,-4.42,1620.0,,16519,0,1700.0,1700.0,1600.0
2021-02-23,0.0,0.71,1695.0,,8640,0,1650.0,1700.0,1587.0
2021-02-22,0.0,1.39,1683.0,,5037,0,1641.0,1700.0,1630.0
2021-02-21,0.0,-0.02,1660.0,,4982,0,1661.0,1700.0,1640.0
2021-02-18,0.0,-0.01,1694.0,,4514,0,1700.0,1700.0,1670.0
2021-02-17,0.0,-0.02,1713.0,,7176,0,1750.0,1750.0,1690.0
2021-02-16,0.0,0.0,1750.0,,9097,0,1800.0,1872.0,1730.0
2021-02-15,0.0,0.1,1754.0,,6306,0,1626.0,1754.0,1626.0
2021-02-14,0.0,-0.05,1595.0,,11501,0,1655.0,1664.0,1541.0
2021-02-11,0.0,-0.05,1680.0,,10266,0,1800.0,1800.0,1650.0
2021-02-10,0.0,-0.02,1765.0,,8062,0,1793.0,1799.0,1728.0
2021-02-09,0.0,-0.03,1799.0,,9159,0,1850.0,1879.0,1750.0
2021-02-08,0.0,0.05,1857.0,,25542,0,1850.0,1938.0,1802.0
2021-02-07,0.0,0.1,1762.0,,18899,0,1682.0,1762.0,1641.0
2021-02-04,0.0,0.02,1602.0,,17021,0,1600.0,1614.0,1544.0
2021-02-03,0.0,-0.01,1575.0,,10811,0,1619.0,1637.0,1551.0
2021-02-02,0.0,0.03,1592.0,,15204,0,1600.0,1611.0,1517.0
2021-02-01,0.0,-0.02,1546.0,,17175,0,1610.0,1610.0,1537.0
2021-01-31,0.0,-0.01,1579.0,,22975,0,1680.0,1720.0,1568.0
2021-01-28,0.0,0.1,1600.0,,10343,0,1527.0,1600.0,1527.0
2021-01-27,0.0,0.1,1455.0,,30426,0,1389.0,1455.0,1373.0
2021-01-26,0.0,-0.02,1323.0,,8353,0,1370.0,1370.0,1321.0
2021-01-25,0.0,-0.02,1344.0,,9187,0,1369.0,1382.0,1342.0
2021-01-24,0.0,0.01,1369.0,,14177,0,1370.0,1380.0,1345.0
2021-01-21,0.0,0.02,1356.0,,13447,0,1350.0,1359.0,1325.0
2021-01-20,0.0,-0.01,1332.0,,12093,0,1352.0,1382.0,1304.0
2021-01-19,0.0,0.04,1351.0,,25761,0,1369.0,1434.0,1317.0
2021-01-18,0.0,0.1,1304.0,,50962,0,1245.0,1304.0,1245.0
2021-01-17,0.0,0.1,1186.0,,3217,0,1132.0,1186.0,1132.0
2021-01-13,0.0,0.1,1079.0,,6886,0,1030.0,1079.0,1030.0
2021-01-12,0.0,0.1,981.0,,406,0,909.0,981.0,909.0
2021-01-11,0.0,0.1,892.0,,380,0,827.0,892.0,827.0
2021-01-10,0.0,0.1,811.0,,635,0,752.0,811.0,752.0
2020-09-24,0.0,-0.27,738.0,,3241,0,728.0,740.0,728.0
2020-09-23,0.0,0.82,740.0,,2153,0,721.0,747.0,721.0
2020-09-22,0.0,-1.21,732.0,,5803,0,741.0,741.0,725.0
2020-09-21,0.0,0.0,741.0,,2758,0,741.0,745.0,736.0
2020-09-20,0.0,-1.72,741.0,,3455,0,769.0,770.0,740.0
2020-09-17,0.0,1.21,754.0,,8153,0,745.0,770.0,740.0
2020-09-16,0.0,-0.4,745.0,,5457,0,762.0,777.0,735.0
2020-09-15,0.0,-1.58,748.0,,3362,0,750.0,765.0,735.0
2020-09-14,0.0,-1.68,760.0,,12353,0,760.0,769.0,737.0
2020-09-13,0.0,-1.15,773.0,,12177,0,782.0,782.0,753.0
2020-09-10,0.0,0.9,782.0,,11266,0,813.0,813.0,761.0
2020-09-09,0.0,9.31,775.0,,24756,0,723.0,779.0,713.0
2020-09-08,0.0,0.0,709.0,,5292,0,710.0,717.0,701.0
2020-09-07,0.0,1.0,709.0,,4312,0,700.0,709.0,691.0
2020-09-06,0.0,-0.28,702.0,,5536,0,739.0,739.0,697.0
2020-09-03,0.0,-0.28,704.0,,4522,0,697.0,705.0,695.0
2020-09-02,0.0,0.28,706.0,,4545,0,712.0,724.0,701.0
2020-08-31,0.0,0.14,704.0,,5805,0,705.0,711.0,700.0
2020-08-30,0.0,-0.85,703.0,,1698,0,709.0,709.0,681.0
2020-08-27,0.0,-0.7,709.0,,2704,0,710.0,719.0,702.0
2020-08-26,0.0,-0.42,714.0,,4609,0,705.0,722.0,705.0
2020-08-25,0.0,-0.28,717.0,,3897,0,720.0,745.0,705.0
2020-08-24,0.0,0.7,719.0,,5291,0,708.0,722.0,701.0
2020-08-23,0.0,2.88,714.0,,4104,0,694.0,714.0,681.0
2020-08-20,0.0,0.58,694.0,,2401,0,703.0,703.0,680.0
2020-08-19,0.0,-2.82,690.0,,4465,0,697.0,697.0,687.0
2020-08-18,0.0,-1.11,710.0,,2177,0,704.0,710.0,696.0
2020-08-17,0.0,3.31,718.0,,4011,0,708.0,732.0,683.0
2020-08-16,0.0,-3.47,695.0,,5753,0,706.0,710.0,680.0
2020-08-13,0.0,2.13,720.0,,7146,0,692.0,751.0,692.0
2020-08-11,0.0,-3.75,718.0,,5870,0,732.0,746.0,690.0
2020-08-10,0.0,7.8,746.0,,11652,0,687.0,761.0,685.0
2020-08-09,0.0,-3.76,692.0,,9707,0,754.0,754.0,669.0
2020-08-06,0.0,0.0,719.0,,31854,0,754.0,790.0,715.0
2020-08-05,0.0,9.94,719.0,,4464,0,667.0,719.0,667.0
2020-08-03,0.0,9.92,654.0,,776,0,606.0,654.0,606.0
2020-08-02,0.0,9.98,595.0,,230,0,551.0,595.0,551.0
2020-07-30,0.0,9.96,541.0,,90,0,501.0,541.0,501.0
2020-07-29,0.0,9.8,492.0,,80,0,450.0,492.0,450.0
